/home/vagrant/immutability-benchmark/testcases/source/AGT/AGT003_FinalObject_ThisInstanceVariable/src/testcase/AGT003_FinalObject_ThisInstanceVariable.java	5	testcase.AGT003_FinalObject_ThisInstanceVariable		@Mutable AGT003_FinalObject_ThisInstanceVariable
/home/vagrant/immutability-benchmark/testcases/source/AGT/AGT003_FinalObject_ThisInstanceVariable/src/testcase/AGT003_FinalObject_ThisInstanceVariable.java	7	test		@Mutable AGT003_FinalObject_ThisInstanceVariable
/home/vagrant/immutability-benchmark/testcases/source/AGT/AGT003_FinalObject_ThisInstanceVariable/src/testcase/AGT003_FinalObject_ThisInstanceVariable.java	10	f		@Readonly Object
/home/vagrant/immutability-benchmark/testcases/source/AGT/AGT003_FinalObject_ThisInstanceVariable/src/testcase/AGT003_FinalObject_ThisInstanceVariable.java	12	toString()-static		@Readonly
/home/vagrant/immutability-benchmark/testcases/source/AGT/AGT003_FinalObject_ThisInstanceVariable/src/testcase/AGT003_FinalObject_ThisInstanceVariable.java	12	toString()		@Readonly String () @Readonly AGT003_FinalObject_ThisInstanceVariable
/home/vagrant/immutability-benchmark/testcases/source/AGT/AGT003_FinalObject_ThisInstanceVariable/src/testcase/AGT003_FinalObject_ThisInstanceVariable.java	17	foo()-static		@Mutable
/home/vagrant/immutability-benchmark/testcases/source/AGT/AGT003_FinalObject_ThisInstanceVariable/src/testcase/AGT003_FinalObject_ThisInstanceVariable.java	17	foo()		void () @Mutable AGT003_FinalObject_ThisInstanceVariable
/home/vagrant/immutability-benchmark/testcases/source/AGT/AGT003_FinalObject_ThisInstanceVariable/src/testcase/AGT003_FinalObject_ThisInstanceVariable.java	18	o		@Readonly Object
/home/vagrant/immutability-benchmark/testcases/source/AGT/AGT003_FinalObject_ThisInstanceVariable/src/testcase/AGT003_FinalObject_ThisInstanceVariable.java	24	args		@Readonly String @Readonly []
/home/vagrant/immutability-benchmark/testcases/source/AGT/AGT003_FinalObject_ThisInstanceVariable/src/testcase/AGT003_FinalObject_ThisInstanceVariable.java	24	main(java.lang.String[])-static		@Mutable
/home/vagrant/immutability-benchmark/testcases/source/AGT/AGT003_FinalObject_ThisInstanceVariable/src/testcase/AGT003_FinalObject_ThisInstanceVariable.java	24	main(java.lang.String[])		void ([@Readonly String @Readonly []]) @Readonly AGT003_FinalObject_ThisInstanceVariable
INFO: There are 5 (62.5%) readonly, 1 (12.5%) polyread and 2 (25.0%) mutable references out of 8 references
INFO: Total methods: 3 pure methods: 1(33.333332%)
