/home/vagrant/immutability-benchmark/testcases/source/AGT/AGT003_FinalObject_ThisInstanceVariable/src/testcase/AGT003_FinalObject_ThisInstanceVariable.java	5	testcase.AGT003_FinalObject_ThisInstanceVariable		@Mutable AGT003_FinalObject_ThisInstanceVariable
/home/vagrant/immutability-benchmark/testcases/source/AGT/AGT003_FinalObject_ThisInstanceVariable/src/testcase/AGT003_FinalObject_ThisInstanceVariable.java	7	f		@Readonly Object
/home/vagrant/immutability-benchmark/testcases/source/AGT/AGT003_FinalObject_ThisInstanceVariable/src/testcase/AGT003_FinalObject_ThisInstanceVariable.java	10	toString()-static		@Readonly
/home/vagrant/immutability-benchmark/testcases/source/AGT/AGT003_FinalObject_ThisInstanceVariable/src/testcase/AGT003_FinalObject_ThisInstanceVariable.java	10	toString()		@Readonly String () @Readonly AGT003_FinalObject_ThisInstanceVariable
/home/vagrant/immutability-benchmark/testcases/source/AGT/AGT003_FinalObject_ThisInstanceVariable/src/testcase/AGT003_FinalObject_ThisInstanceVariable.java	15	foo()-static		@Mutable
/home/vagrant/immutability-benchmark/testcases/source/AGT/AGT003_FinalObject_ThisInstanceVariable/src/testcase/AGT003_FinalObject_ThisInstanceVariable.java	15	foo()		void () @Mutable AGT003_FinalObject_ThisInstanceVariable
/home/vagrant/immutability-benchmark/testcases/source/AGT/AGT003_FinalObject_ThisInstanceVariable/src/testcase/AGT003_FinalObject_ThisInstanceVariable.java	16	o2		@Readonly Object
/home/vagrant/immutability-benchmark/testcases/source/AGT/AGT003_FinalObject_ThisInstanceVariable/src/testcase/AGT003_FinalObject_ThisInstanceVariable.java	22	args		@Readonly String @Readonly []
/home/vagrant/immutability-benchmark/testcases/source/AGT/AGT003_FinalObject_ThisInstanceVariable/src/testcase/AGT003_FinalObject_ThisInstanceVariable.java	22	main(java.lang.String[])-static		@Mutable
/home/vagrant/immutability-benchmark/testcases/source/AGT/AGT003_FinalObject_ThisInstanceVariable/src/testcase/AGT003_FinalObject_ThisInstanceVariable.java	22	main(java.lang.String[])		void ([@Readonly String @Readonly []]) @Readonly AGT003_FinalObject_ThisInstanceVariable
/home/vagrant/immutability-benchmark/testcases/source/AGT/AGT003_FinalObject_ThisInstanceVariable/src/testcase/AGT003_FinalObject_ThisInstanceVariable.java	23	test		@Mutable AGT003_FinalObject_ThisInstanceVariable
INFO: There are 5 (62.5%) readonly, 0 (0.0%) polyread and 3 (37.5%) mutable references out of 8 references
INFO: Total methods: 3 pure methods: 1(33.333332%)
