/home/vagrant/immutability-benchmark/testcases/source/AGT/AGT153_ThisInstanceVariable_ThisInstanceVariable/src/testcase/AGT153_ThisInstanceVariable_ThisInstanceVariable.java	6	testcase.AGT153_ThisInstanceVariable_ThisInstanceVariable		@Mutable AGT153_ThisInstanceVariable_ThisInstanceVariable
/home/vagrant/immutability-benchmark/testcases/source/AGT/AGT153_ThisInstanceVariable_ThisInstanceVariable/src/testcase/AGT153_ThisInstanceVariable_ThisInstanceVariable.java	8	f1		@Readonly Object
/home/vagrant/immutability-benchmark/testcases/source/AGT/AGT153_ThisInstanceVariable_ThisInstanceVariable/src/testcase/AGT153_ThisInstanceVariable_ThisInstanceVariable.java	11	f2		@Readonly Object
/home/vagrant/immutability-benchmark/testcases/source/AGT/AGT153_ThisInstanceVariable_ThisInstanceVariable/src/testcase/AGT153_ThisInstanceVariable_ThisInstanceVariable.java	14	toString()-static		@Readonly
/home/vagrant/immutability-benchmark/testcases/source/AGT/AGT153_ThisInstanceVariable_ThisInstanceVariable/src/testcase/AGT153_ThisInstanceVariable_ThisInstanceVariable.java	14	toString()		@Readonly String () @Readonly AGT153_ThisInstanceVariable_ThisInstanceVariable
/home/vagrant/immutability-benchmark/testcases/source/AGT/AGT153_ThisInstanceVariable_ThisInstanceVariable/src/testcase/AGT153_ThisInstanceVariable_ThisInstanceVariable.java	19	args		@Readonly String @Readonly []
/home/vagrant/immutability-benchmark/testcases/source/AGT/AGT153_ThisInstanceVariable_ThisInstanceVariable/src/testcase/AGT153_ThisInstanceVariable_ThisInstanceVariable.java	19	main(java.lang.String[])-static		@Mutable
/home/vagrant/immutability-benchmark/testcases/source/AGT/AGT153_ThisInstanceVariable_ThisInstanceVariable/src/testcase/AGT153_ThisInstanceVariable_ThisInstanceVariable.java	19	main(java.lang.String[])		void ([@Readonly String @Readonly []]) @Readonly AGT153_ThisInstanceVariable_ThisInstanceVariable
/home/vagrant/immutability-benchmark/testcases/source/AGT/AGT153_ThisInstanceVariable_ThisInstanceVariable/src/testcase/AGT153_ThisInstanceVariable_ThisInstanceVariable.java	20	a		@Mutable AGT153_ThisInstanceVariable_ThisInstanceVariable
/home/vagrant/immutability-benchmark/testcases/source/AGT/AGT153_ThisInstanceVariable_ThisInstanceVariable/src/testcase/AGT153_ThisInstanceVariable_ThisInstanceVariable.java	26	foo()-static		@Readonly
/home/vagrant/immutability-benchmark/testcases/source/AGT/AGT153_ThisInstanceVariable_ThisInstanceVariable/src/testcase/AGT153_ThisInstanceVariable_ThisInstanceVariable.java	26	foo()		void () @Mutable AGT153_ThisInstanceVariable_ThisInstanceVariable
INFO: There are 5 (62.5%) readonly, 0 (0.0%) polyread and 3 (37.5%) mutable references out of 8 references
INFO: Total methods: 3 pure methods: 1(33.333332%)
