/home/vagrant/immutability-benchmark/testcases/source/AGT/AGT153_ThisInstanceVariable_ThisInstanceVariable/src/testcase/AGT153_ThisInstanceVariable_ThisInstanceVariable.java	5	testcase.AGT153_ThisInstanceVariable_ThisInstanceVariable		@Mutable AGT153_ThisInstanceVariable_ThisInstanceVariable
/home/vagrant/immutability-benchmark/testcases/source/AGT/AGT153_ThisInstanceVariable_ThisInstanceVariable/src/testcase/AGT153_ThisInstanceVariable_ThisInstanceVariable.java	7	test		@Mutable AGT153_ThisInstanceVariable_ThisInstanceVariable
/home/vagrant/immutability-benchmark/testcases/source/AGT/AGT153_ThisInstanceVariable_ThisInstanceVariable/src/testcase/AGT153_ThisInstanceVariable_ThisInstanceVariable.java	10	f1		@Readonly Object
/home/vagrant/immutability-benchmark/testcases/source/AGT/AGT153_ThisInstanceVariable_ThisInstanceVariable/src/testcase/AGT153_ThisInstanceVariable_ThisInstanceVariable.java	11	f2		@Readonly Object
/home/vagrant/immutability-benchmark/testcases/source/AGT/AGT153_ThisInstanceVariable_ThisInstanceVariable/src/testcase/AGT153_ThisInstanceVariable_ThisInstanceVariable.java	13	toString()-static		@Readonly
/home/vagrant/immutability-benchmark/testcases/source/AGT/AGT153_ThisInstanceVariable_ThisInstanceVariable/src/testcase/AGT153_ThisInstanceVariable_ThisInstanceVariable.java	13	toString()		@Readonly String () @Readonly AGT153_ThisInstanceVariable_ThisInstanceVariable
/home/vagrant/immutability-benchmark/testcases/source/AGT/AGT153_ThisInstanceVariable_ThisInstanceVariable/src/testcase/AGT153_ThisInstanceVariable_ThisInstanceVariable.java	18	foo()-static		@Mutable
/home/vagrant/immutability-benchmark/testcases/source/AGT/AGT153_ThisInstanceVariable_ThisInstanceVariable/src/testcase/AGT153_ThisInstanceVariable_ThisInstanceVariable.java	18	foo()		void () @Mutable AGT153_ThisInstanceVariable_ThisInstanceVariable
/home/vagrant/immutability-benchmark/testcases/source/AGT/AGT153_ThisInstanceVariable_ThisInstanceVariable/src/testcase/AGT153_ThisInstanceVariable_ThisInstanceVariable.java	24	args		@Readonly String @Readonly []
/home/vagrant/immutability-benchmark/testcases/source/AGT/AGT153_ThisInstanceVariable_ThisInstanceVariable/src/testcase/AGT153_ThisInstanceVariable_ThisInstanceVariable.java	24	main(java.lang.String[])-static		@Mutable
/home/vagrant/immutability-benchmark/testcases/source/AGT/AGT153_ThisInstanceVariable_ThisInstanceVariable/src/testcase/AGT153_ThisInstanceVariable_ThisInstanceVariable.java	24	main(java.lang.String[])		void ([@Readonly String @Readonly []]) @Readonly AGT153_ThisInstanceVariable_ThisInstanceVariable
INFO: There are 5 (62.5%) readonly, 1 (12.5%) polyread and 2 (25.0%) mutable references out of 8 references
INFO: Total methods: 3 pure methods: 1(33.333332%)
