/home/vagrant/immutability-benchmark/testcases/source/AGT/AGT120_This_ParameterInstanceVariableArrayComponent/src/testcase/AGT120_This_ParameterInstanceVariableArrayComponent.java	5	testcase.AGT120_This_ParameterInstanceVariableArrayComponent		@Mutable AGT120_This_ParameterInstanceVariableArrayComponent
/home/vagrant/immutability-benchmark/testcases/source/AGT/AGT120_This_ParameterInstanceVariableArrayComponent/src/testcase/AGT120_This_ParameterInstanceVariableArrayComponent.java	7	test		@Mutable Test
/home/vagrant/immutability-benchmark/testcases/source/AGT/AGT120_This_ParameterInstanceVariableArrayComponent/src/testcase/AGT120_This_ParameterInstanceVariableArrayComponent.java	10	args		@Readonly String @Readonly []
/home/vagrant/immutability-benchmark/testcases/source/AGT/AGT120_This_ParameterInstanceVariableArrayComponent/src/testcase/AGT120_This_ParameterInstanceVariableArrayComponent.java	10	main(java.lang.String[])-static		@Mutable
/home/vagrant/immutability-benchmark/testcases/source/AGT/AGT120_This_ParameterInstanceVariableArrayComponent/src/testcase/AGT120_This_ParameterInstanceVariableArrayComponent.java	10	main(java.lang.String[])		void ([@Readonly String @Readonly []]) @Readonly AGT120_This_ParameterInstanceVariableArrayComponent
/home/vagrant/immutability-benchmark/testcases/source/AGT/AGT120_This_ParameterInstanceVariableArrayComponent/src/testcase/AGT120_This_ParameterInstanceVariableArrayComponent.java	14	foo()-static		@Mutable
/home/vagrant/immutability-benchmark/testcases/source/AGT/AGT120_This_ParameterInstanceVariableArrayComponent/src/testcase/AGT120_This_ParameterInstanceVariableArrayComponent.java	14	foo()		void () @Mutable AGT120_This_ParameterInstanceVariableArrayComponent
/home/vagrant/immutability-benchmark/testcases/source/AGT/AGT120_This_ParameterInstanceVariableArrayComponent/src/testcase/AGT120_This_ParameterInstanceVariableArrayComponent.java	22	testcase.Test		@Mutable Test
/home/vagrant/immutability-benchmark/testcases/source/AGT/AGT120_This_ParameterInstanceVariableArrayComponent/src/testcase/AGT120_This_ParameterInstanceVariableArrayComponent.java	23	f		@Readonly Object @Mutable []
/home/vagrant/immutability-benchmark/testcases/source/AGT/AGT120_This_ParameterInstanceVariableArrayComponent/src/testcase/AGT120_This_ParameterInstanceVariableArrayComponent.java	25	bar(testcase.Test)-static		@Readonly
/home/vagrant/immutability-benchmark/testcases/source/AGT/AGT120_This_ParameterInstanceVariableArrayComponent/src/testcase/AGT120_This_ParameterInstanceVariableArrayComponent.java	25	bar(testcase.Test)		void ([@Mutable Test]) @Readonly Test
/home/vagrant/immutability-benchmark/testcases/source/AGT/AGT120_This_ParameterInstanceVariableArrayComponent/src/testcase/AGT120_This_ParameterInstanceVariableArrayComponent.java	25	p		@Mutable Test
/home/vagrant/immutability-benchmark/testcases/source/AGT/AGT120_This_ParameterInstanceVariableArrayComponent/src/testcase/AGT120_This_ParameterInstanceVariableArrayComponent.java	29	toString()-static		@Readonly
/home/vagrant/immutability-benchmark/testcases/source/AGT/AGT120_This_ParameterInstanceVariableArrayComponent/src/testcase/AGT120_This_ParameterInstanceVariableArrayComponent.java	29	toString()		@Readonly String () @Readonly Test
/home/vagrant/immutability-benchmark/testcases/source/AGT/AGT120_This_ParameterInstanceVariableArrayComponent/src/testcase/AGT120_This_ParameterInstanceVariableArrayComponent.java	32	result		@Readonly String
/home/vagrant/immutability-benchmark/testcases/source/AGT/AGT120_This_ParameterInstanceVariableArrayComponent/src/testcase/AGT120_This_ParameterInstanceVariableArrayComponent.java	33	prefix		@Readonly String
/home/vagrant/immutability-benchmark/testcases/source/AGT/AGT120_This_ParameterInstanceVariableArrayComponent/src/testcase/AGT120_This_ParameterInstanceVariableArrayComponent.java	34	o		@Readonly Object
INFO: There are 7 (53.846157%) readonly, 2 (15.384616%) polyread and 4 (30.769232%) mutable references out of 13 references
INFO: Total methods: 4 pure methods: 1(25.0%)
