/home/vagrant/immutability-benchmark/testcases/source/AGT/AGT120_This_ParameterInstanceVariableArrayComponent/src/testcase/AGT120_This_ParameterInstanceVariableArrayComponent.java	5	testcase.AGT120_This_ParameterInstanceVariableArrayComponent		@Mutable AGT120_This_ParameterInstanceVariableArrayComponent
/home/vagrant/immutability-benchmark/testcases/source/AGT/AGT120_This_ParameterInstanceVariableArrayComponent/src/testcase/AGT120_This_ParameterInstanceVariableArrayComponent.java	7	f		@Readonly Object @Mutable []
/home/vagrant/immutability-benchmark/testcases/source/AGT/AGT120_This_ParameterInstanceVariableArrayComponent/src/testcase/AGT120_This_ParameterInstanceVariableArrayComponent.java	10	toString()-static		@Readonly
/home/vagrant/immutability-benchmark/testcases/source/AGT/AGT120_This_ParameterInstanceVariableArrayComponent/src/testcase/AGT120_This_ParameterInstanceVariableArrayComponent.java	10	toString()		@Readonly String () @Readonly AGT120_This_ParameterInstanceVariableArrayComponent
/home/vagrant/immutability-benchmark/testcases/source/AGT/AGT120_This_ParameterInstanceVariableArrayComponent/src/testcase/AGT120_This_ParameterInstanceVariableArrayComponent.java	13	result		@Readonly String
/home/vagrant/immutability-benchmark/testcases/source/AGT/AGT120_This_ParameterInstanceVariableArrayComponent/src/testcase/AGT120_This_ParameterInstanceVariableArrayComponent.java	14	prefix		@Readonly String
/home/vagrant/immutability-benchmark/testcases/source/AGT/AGT120_This_ParameterInstanceVariableArrayComponent/src/testcase/AGT120_This_ParameterInstanceVariableArrayComponent.java	15	o		@Readonly Object
/home/vagrant/immutability-benchmark/testcases/source/AGT/AGT120_This_ParameterInstanceVariableArrayComponent/src/testcase/AGT120_This_ParameterInstanceVariableArrayComponent.java	23	args		@Readonly String @Readonly []
/home/vagrant/immutability-benchmark/testcases/source/AGT/AGT120_This_ParameterInstanceVariableArrayComponent/src/testcase/AGT120_This_ParameterInstanceVariableArrayComponent.java	23	main(java.lang.String[])-static		@Mutable
/home/vagrant/immutability-benchmark/testcases/source/AGT/AGT120_This_ParameterInstanceVariableArrayComponent/src/testcase/AGT120_This_ParameterInstanceVariableArrayComponent.java	23	main(java.lang.String[])		void ([@Readonly String @Readonly []]) @Readonly AGT120_This_ParameterInstanceVariableArrayComponent
/home/vagrant/immutability-benchmark/testcases/source/AGT/AGT120_This_ParameterInstanceVariableArrayComponent/src/testcase/AGT120_This_ParameterInstanceVariableArrayComponent.java	24	test		@Mutable AGT120_This_ParameterInstanceVariableArrayComponent
/home/vagrant/immutability-benchmark/testcases/source/AGT/AGT120_This_ParameterInstanceVariableArrayComponent/src/testcase/AGT120_This_ParameterInstanceVariableArrayComponent.java	30	foo(testcase.AGT120_This_ParameterInstanceVariableArrayComponent)-static		@Readonly
/home/vagrant/immutability-benchmark/testcases/source/AGT/AGT120_This_ParameterInstanceVariableArrayComponent/src/testcase/AGT120_This_ParameterInstanceVariableArrayComponent.java	30	foo(testcase.AGT120_This_ParameterInstanceVariableArrayComponent)		void ([@Mutable AGT120_This_ParameterInstanceVariableArrayComponent]) @Readonly AGT120_This_ParameterInstanceVariableArrayComponent
/home/vagrant/immutability-benchmark/testcases/source/AGT/AGT120_This_ParameterInstanceVariableArrayComponent/src/testcase/AGT120_This_ParameterInstanceVariableArrayComponent.java	30	p		@Mutable AGT120_This_ParameterInstanceVariableArrayComponent
INFO: There are 7 (63.636364%) readonly, 1 (9.090909%) polyread and 3 (27.272728%) mutable references out of 11 references
INFO: Total methods: 3 pure methods: 1(33.333332%)
