/home/vagrant/immutability-benchmark/testcases/source/AGT/AGT233_ParameterInstanceVariable_ParameterInstanceVariable/src/testcase/AGT233_ParameterInstanceVariable_ParameterInstanceVariable.java	5	testcase.AGT233_ParameterInstanceVariable_ParameterInstanceVariable		@Mutable AGT233_ParameterInstanceVariable_ParameterInstanceVariable
/home/vagrant/immutability-benchmark/testcases/source/AGT/AGT233_ParameterInstanceVariable_ParameterInstanceVariable/src/testcase/AGT233_ParameterInstanceVariable_ParameterInstanceVariable.java	7	test		@Mutable Test
/home/vagrant/immutability-benchmark/testcases/source/AGT/AGT233_ParameterInstanceVariable_ParameterInstanceVariable/src/testcase/AGT233_ParameterInstanceVariable_ParameterInstanceVariable.java	10	args		@Readonly String @Readonly []
/home/vagrant/immutability-benchmark/testcases/source/AGT/AGT233_ParameterInstanceVariable_ParameterInstanceVariable/src/testcase/AGT233_ParameterInstanceVariable_ParameterInstanceVariable.java	10	main(java.lang.String[])-static		@Mutable
/home/vagrant/immutability-benchmark/testcases/source/AGT/AGT233_ParameterInstanceVariable_ParameterInstanceVariable/src/testcase/AGT233_ParameterInstanceVariable_ParameterInstanceVariable.java	10	main(java.lang.String[])		void ([@Readonly String @Readonly []]) @Readonly AGT233_ParameterInstanceVariable_ParameterInstanceVariable
/home/vagrant/immutability-benchmark/testcases/source/AGT/AGT233_ParameterInstanceVariable_ParameterInstanceVariable/src/testcase/AGT233_ParameterInstanceVariable_ParameterInstanceVariable.java	14	foo()-static		@Mutable
/home/vagrant/immutability-benchmark/testcases/source/AGT/AGT233_ParameterInstanceVariable_ParameterInstanceVariable/src/testcase/AGT233_ParameterInstanceVariable_ParameterInstanceVariable.java	14	foo()		void () @Mutable AGT233_ParameterInstanceVariable_ParameterInstanceVariable
/home/vagrant/immutability-benchmark/testcases/source/AGT/AGT233_ParameterInstanceVariable_ParameterInstanceVariable/src/testcase/AGT233_ParameterInstanceVariable_ParameterInstanceVariable.java	22	testcase.Test		@Mutable Test
/home/vagrant/immutability-benchmark/testcases/source/AGT/AGT233_ParameterInstanceVariable_ParameterInstanceVariable/src/testcase/AGT233_ParameterInstanceVariable_ParameterInstanceVariable.java	23	f		@Readonly Object
/home/vagrant/immutability-benchmark/testcases/source/AGT/AGT233_ParameterInstanceVariable_ParameterInstanceVariable/src/testcase/AGT233_ParameterInstanceVariable_ParameterInstanceVariable.java	25	bar(testcase.Test,testcase.Test)-static		@Readonly
/home/vagrant/immutability-benchmark/testcases/source/AGT/AGT233_ParameterInstanceVariable_ParameterInstanceVariable/src/testcase/AGT233_ParameterInstanceVariable_ParameterInstanceVariable.java	25	bar(testcase.Test,testcase.Test)		void ([@Mutable Test, @Readonly Test]) @Readonly Test
/home/vagrant/immutability-benchmark/testcases/source/AGT/AGT233_ParameterInstanceVariable_ParameterInstanceVariable/src/testcase/AGT233_ParameterInstanceVariable_ParameterInstanceVariable.java	25	p1		@Mutable Test
/home/vagrant/immutability-benchmark/testcases/source/AGT/AGT233_ParameterInstanceVariable_ParameterInstanceVariable/src/testcase/AGT233_ParameterInstanceVariable_ParameterInstanceVariable.java	25	p2		@Readonly Test
/home/vagrant/immutability-benchmark/testcases/source/AGT/AGT233_ParameterInstanceVariable_ParameterInstanceVariable/src/testcase/AGT233_ParameterInstanceVariable_ParameterInstanceVariable.java	29	toString()-static		@Readonly
/home/vagrant/immutability-benchmark/testcases/source/AGT/AGT233_ParameterInstanceVariable_ParameterInstanceVariable/src/testcase/AGT233_ParameterInstanceVariable_ParameterInstanceVariable.java	29	toString()		@Readonly String () @Readonly Test
INFO: There are 6 (54.545456%) readonly, 1 (9.090909%) polyread and 4 (36.363636%) mutable references out of 11 references
INFO: Total methods: 4 pure methods: 1(25.0%)
