/home/vagrant/immutability-benchmark/testcases/source/AGT/AGT233_ParameterInstanceVariable_ParameterInstanceVariable/src/testcase/AGT233_ParameterInstanceVariable_ParameterInstanceVariable.java	6	testcase.AGT233_ParameterInstanceVariable_ParameterInstanceVariable		@Mutable AGT233_ParameterInstanceVariable_ParameterInstanceVariable
/home/vagrant/immutability-benchmark/testcases/source/AGT/AGT233_ParameterInstanceVariable_ParameterInstanceVariable/src/testcase/AGT233_ParameterInstanceVariable_ParameterInstanceVariable.java	8	f1		@Readonly Object
/home/vagrant/immutability-benchmark/testcases/source/AGT/AGT233_ParameterInstanceVariable_ParameterInstanceVariable/src/testcase/AGT233_ParameterInstanceVariable_ParameterInstanceVariable.java	11	f2		@Readonly Object
/home/vagrant/immutability-benchmark/testcases/source/AGT/AGT233_ParameterInstanceVariable_ParameterInstanceVariable/src/testcase/AGT233_ParameterInstanceVariable_ParameterInstanceVariable.java	14	toString()-static		@Readonly
/home/vagrant/immutability-benchmark/testcases/source/AGT/AGT233_ParameterInstanceVariable_ParameterInstanceVariable/src/testcase/AGT233_ParameterInstanceVariable_ParameterInstanceVariable.java	14	toString()		@Readonly String () @Readonly AGT233_ParameterInstanceVariable_ParameterInstanceVariable
/home/vagrant/immutability-benchmark/testcases/source/AGT/AGT233_ParameterInstanceVariable_ParameterInstanceVariable/src/testcase/AGT233_ParameterInstanceVariable_ParameterInstanceVariable.java	19	foo(testcase.AGT233_ParameterInstanceVariable_ParameterInstanceVariable,testcase.AGT233_ParameterInstanceVariable_ParameterInstanceVariable)-static		@Readonly
/home/vagrant/immutability-benchmark/testcases/source/AGT/AGT233_ParameterInstanceVariable_ParameterInstanceVariable/src/testcase/AGT233_ParameterInstanceVariable_ParameterInstanceVariable.java	19	foo(testcase.AGT233_ParameterInstanceVariable_ParameterInstanceVariable,testcase.AGT233_ParameterInstanceVariable_ParameterInstanceVariable)		void ([@Mutable AGT233_ParameterInstanceVariable_ParameterInstanceVariable, @Readonly AGT233_ParameterInstanceVariable_ParameterInstanceVariable]) @Readonly AGT233_ParameterInstanceVariable_ParameterInstanceVariable
/home/vagrant/immutability-benchmark/testcases/source/AGT/AGT233_ParameterInstanceVariable_ParameterInstanceVariable/src/testcase/AGT233_ParameterInstanceVariable_ParameterInstanceVariable.java	19	p1		@Mutable AGT233_ParameterInstanceVariable_ParameterInstanceVariable
/home/vagrant/immutability-benchmark/testcases/source/AGT/AGT233_ParameterInstanceVariable_ParameterInstanceVariable/src/testcase/AGT233_ParameterInstanceVariable_ParameterInstanceVariable.java	19	p2		@Readonly AGT233_ParameterInstanceVariable_ParameterInstanceVariable
/home/vagrant/immutability-benchmark/testcases/source/AGT/AGT233_ParameterInstanceVariable_ParameterInstanceVariable/src/testcase/AGT233_ParameterInstanceVariable_ParameterInstanceVariable.java	23	args		@Readonly String @Readonly []
/home/vagrant/immutability-benchmark/testcases/source/AGT/AGT233_ParameterInstanceVariable_ParameterInstanceVariable/src/testcase/AGT233_ParameterInstanceVariable_ParameterInstanceVariable.java	23	main(java.lang.String[])-static		@Mutable
/home/vagrant/immutability-benchmark/testcases/source/AGT/AGT233_ParameterInstanceVariable_ParameterInstanceVariable/src/testcase/AGT233_ParameterInstanceVariable_ParameterInstanceVariable.java	23	main(java.lang.String[])		void ([@Readonly String @Readonly []]) @Readonly AGT233_ParameterInstanceVariable_ParameterInstanceVariable
/home/vagrant/immutability-benchmark/testcases/source/AGT/AGT233_ParameterInstanceVariable_ParameterInstanceVariable/src/testcase/AGT233_ParameterInstanceVariable_ParameterInstanceVariable.java	24	test		@Mutable AGT233_ParameterInstanceVariable_ParameterInstanceVariable
INFO: There are 7 (70.0%) readonly, 0 (0.0%) polyread and 3 (30.000002%) mutable references out of 10 references
INFO: Total methods: 3 pure methods: 1(33.333332%)
