/home/vagrant/immutability-benchmark/testcases/source/AGT/AGT241_ParameterInstanceVariableArrayComponent_Parameter/src/testcase/AGT241_ParameterInstanceVariableArrayComponent_Parameter.java	7	testcase.AGT241_ParameterInstanceVariableArrayComponent_Parameter		@Mutable AGT241_ParameterInstanceVariableArrayComponent_Parameter
/home/vagrant/immutability-benchmark/testcases/source/AGT/AGT241_ParameterInstanceVariableArrayComponent_Parameter/src/testcase/AGT241_ParameterInstanceVariableArrayComponent_Parameter.java	9	test		@Readonly Test
/home/vagrant/immutability-benchmark/testcases/source/AGT/AGT241_ParameterInstanceVariableArrayComponent_Parameter/src/testcase/AGT241_ParameterInstanceVariableArrayComponent_Parameter.java	12	args		@Readonly String @Readonly []
/home/vagrant/immutability-benchmark/testcases/source/AGT/AGT241_ParameterInstanceVariableArrayComponent_Parameter/src/testcase/AGT241_ParameterInstanceVariableArrayComponent_Parameter.java	12	main(java.lang.String[])-static		@Mutable
/home/vagrant/immutability-benchmark/testcases/source/AGT/AGT241_ParameterInstanceVariableArrayComponent_Parameter/src/testcase/AGT241_ParameterInstanceVariableArrayComponent_Parameter.java	12	main(java.lang.String[])		void ([@Readonly String @Readonly []]) @Readonly AGT241_ParameterInstanceVariableArrayComponent_Parameter
/home/vagrant/immutability-benchmark/testcases/source/AGT/AGT241_ParameterInstanceVariableArrayComponent_Parameter/src/testcase/AGT241_ParameterInstanceVariableArrayComponent_Parameter.java	16	foo()-static		@Mutable
/home/vagrant/immutability-benchmark/testcases/source/AGT/AGT241_ParameterInstanceVariableArrayComponent_Parameter/src/testcase/AGT241_ParameterInstanceVariableArrayComponent_Parameter.java	16	foo()		void () @Readonly AGT241_ParameterInstanceVariableArrayComponent_Parameter
/home/vagrant/immutability-benchmark/testcases/source/AGT/AGT241_ParameterInstanceVariableArrayComponent_Parameter/src/testcase/AGT241_ParameterInstanceVariableArrayComponent_Parameter.java	24	testcase.Test		@Mutable Test
/home/vagrant/immutability-benchmark/testcases/source/AGT/AGT241_ParameterInstanceVariableArrayComponent_Parameter/src/testcase/AGT241_ParameterInstanceVariableArrayComponent_Parameter.java	25	f		@Readonly Object @Readonly []
/home/vagrant/immutability-benchmark/testcases/source/AGT/AGT241_ParameterInstanceVariableArrayComponent_Parameter/src/testcase/AGT241_ParameterInstanceVariableArrayComponent_Parameter.java	27	bar(java.lang.Object,testcase.Test)-static		@Readonly
/home/vagrant/immutability-benchmark/testcases/source/AGT/AGT241_ParameterInstanceVariableArrayComponent_Parameter/src/testcase/AGT241_ParameterInstanceVariableArrayComponent_Parameter.java	27	bar(java.lang.Object,testcase.Test)		void ([@Readonly Object, @Readonly Test]) @Readonly Test
/home/vagrant/immutability-benchmark/testcases/source/AGT/AGT241_ParameterInstanceVariableArrayComponent_Parameter/src/testcase/AGT241_ParameterInstanceVariableArrayComponent_Parameter.java	27	p1		@Readonly Object
/home/vagrant/immutability-benchmark/testcases/source/AGT/AGT241_ParameterInstanceVariableArrayComponent_Parameter/src/testcase/AGT241_ParameterInstanceVariableArrayComponent_Parameter.java	27	p2		@Readonly Test
/home/vagrant/immutability-benchmark/testcases/source/AGT/AGT241_ParameterInstanceVariableArrayComponent_Parameter/src/testcase/AGT241_ParameterInstanceVariableArrayComponent_Parameter.java	31	toString()-static		@Readonly
/home/vagrant/immutability-benchmark/testcases/source/AGT/AGT241_ParameterInstanceVariableArrayComponent_Parameter/src/testcase/AGT241_ParameterInstanceVariableArrayComponent_Parameter.java	31	toString()		@Readonly String () @Readonly Test
INFO: There are 9 (81.818184%) readonly, 0 (0.0%) polyread and 2 (18.181818%) mutable references out of 11 references
INFO: Total methods: 4 pure methods: 2(50.0%)
