/home/vagrant/immutability-benchmark/testcases/source/AGT/AGT046_IntLiteral_ClassVariableArrayComponent/src/testcase/AGT046_IntLiteral_ClassVariableArrayComponent.java	5	testcase.AGT046_IntLiteral_ClassVariableArrayComponent		@Mutable AGT046_IntLiteral_ClassVariableArrayComponent
/home/vagrant/immutability-benchmark/testcases/source/AGT/AGT046_IntLiteral_ClassVariableArrayComponent/src/testcase/AGT046_IntLiteral_ClassVariableArrayComponent.java	7	test		@Readonly Test
/home/vagrant/immutability-benchmark/testcases/source/AGT/AGT046_IntLiteral_ClassVariableArrayComponent/src/testcase/AGT046_IntLiteral_ClassVariableArrayComponent.java	10	args		@Readonly String @Readonly []
/home/vagrant/immutability-benchmark/testcases/source/AGT/AGT046_IntLiteral_ClassVariableArrayComponent/src/testcase/AGT046_IntLiteral_ClassVariableArrayComponent.java	10	main(java.lang.String[])-static		@Mutable
/home/vagrant/immutability-benchmark/testcases/source/AGT/AGT046_IntLiteral_ClassVariableArrayComponent/src/testcase/AGT046_IntLiteral_ClassVariableArrayComponent.java	10	main(java.lang.String[])		void ([@Readonly String @Readonly []]) @Readonly AGT046_IntLiteral_ClassVariableArrayComponent
/home/vagrant/immutability-benchmark/testcases/source/AGT/AGT046_IntLiteral_ClassVariableArrayComponent/src/testcase/AGT046_IntLiteral_ClassVariableArrayComponent.java	14	foo()-static		@Mutable
/home/vagrant/immutability-benchmark/testcases/source/AGT/AGT046_IntLiteral_ClassVariableArrayComponent/src/testcase/AGT046_IntLiteral_ClassVariableArrayComponent.java	14	foo()		void () @Readonly AGT046_IntLiteral_ClassVariableArrayComponent
/home/vagrant/immutability-benchmark/testcases/source/AGT/AGT046_IntLiteral_ClassVariableArrayComponent/src/testcase/AGT046_IntLiteral_ClassVariableArrayComponent.java	22	testcase.Test		@Readonly Test
/home/vagrant/immutability-benchmark/testcases/source/AGT/AGT046_IntLiteral_ClassVariableArrayComponent/src/testcase/AGT046_IntLiteral_ClassVariableArrayComponent.java	23	f		@Readonly Object @Mutable []
/home/vagrant/immutability-benchmark/testcases/source/AGT/AGT046_IntLiteral_ClassVariableArrayComponent/src/testcase/AGT046_IntLiteral_ClassVariableArrayComponent.java	25	toString()-static		@Readonly
/home/vagrant/immutability-benchmark/testcases/source/AGT/AGT046_IntLiteral_ClassVariableArrayComponent/src/testcase/AGT046_IntLiteral_ClassVariableArrayComponent.java	25	toString()		@Readonly String () @Readonly Test
INFO: There are 6 (75.0%) readonly, 1 (12.5%) polyread and 1 (12.5%) mutable references out of 8 references
INFO: Total methods: 3 pure methods: 1(33.333332%)
