/home/vagrant/immutability-benchmark/testcases/source/AGT/AGT102_NullLiteral_ObjectInstanceVariableArrayComponent/src/testcase/AGT102_NullLiteral_ObjectInstanceVariableArrayComponent.java	7	testcase.AGT102_NullLiteral_ObjectInstanceVariableArrayComponent		@Mutable AGT102_NullLiteral_ObjectInstanceVariableArrayComponent
/home/vagrant/immutability-benchmark/testcases/source/AGT/AGT102_NullLiteral_ObjectInstanceVariableArrayComponent/src/testcase/AGT102_NullLiteral_ObjectInstanceVariableArrayComponent.java	9	f		@Readonly Object @Mutable []
/home/vagrant/immutability-benchmark/testcases/source/AGT/AGT102_NullLiteral_ObjectInstanceVariableArrayComponent/src/testcase/AGT102_NullLiteral_ObjectInstanceVariableArrayComponent.java	12	toString()-static		@Readonly
/home/vagrant/immutability-benchmark/testcases/source/AGT/AGT102_NullLiteral_ObjectInstanceVariableArrayComponent/src/testcase/AGT102_NullLiteral_ObjectInstanceVariableArrayComponent.java	12	toString()		@Readonly String () @Readonly AGT102_NullLiteral_ObjectInstanceVariableArrayComponent
/home/vagrant/immutability-benchmark/testcases/source/AGT/AGT102_NullLiteral_ObjectInstanceVariableArrayComponent/src/testcase/AGT102_NullLiteral_ObjectInstanceVariableArrayComponent.java	17	args		@Readonly String @Readonly []
/home/vagrant/immutability-benchmark/testcases/source/AGT/AGT102_NullLiteral_ObjectInstanceVariableArrayComponent/src/testcase/AGT102_NullLiteral_ObjectInstanceVariableArrayComponent.java	17	main(java.lang.String[])-static		@Mutable
/home/vagrant/immutability-benchmark/testcases/source/AGT/AGT102_NullLiteral_ObjectInstanceVariableArrayComponent/src/testcase/AGT102_NullLiteral_ObjectInstanceVariableArrayComponent.java	17	main(java.lang.String[])		void ([@Readonly String @Readonly []]) @Readonly AGT102_NullLiteral_ObjectInstanceVariableArrayComponent
/home/vagrant/immutability-benchmark/testcases/source/AGT/AGT102_NullLiteral_ObjectInstanceVariableArrayComponent/src/testcase/AGT102_NullLiteral_ObjectInstanceVariableArrayComponent.java	18	test		@Mutable AGT102_NullLiteral_ObjectInstanceVariableArrayComponent
INFO: There are 3 (50.0%) readonly, 1 (16.666668%) polyread and 2 (33.333336%) mutable references out of 6 references
INFO: Total methods: 2 pure methods: 1(50.0%)
