/home/vagrant/immutability-benchmark/testcases/source/AGT/AGT240_ParameterInstanceVariable_ClassVariableArrayComponent/src/testcase/AGT240_ParameterInstanceVariable_ClassVariableArrayComponent.java	5	testcase.AGT240_ParameterInstanceVariable_ClassVariableArrayComponent		@Mutable AGT240_ParameterInstanceVariable_ClassVariableArrayComponent
/home/vagrant/immutability-benchmark/testcases/source/AGT/AGT240_ParameterInstanceVariable_ClassVariableArrayComponent/src/testcase/AGT240_ParameterInstanceVariable_ClassVariableArrayComponent.java	7	test		@Readonly Test
/home/vagrant/immutability-benchmark/testcases/source/AGT/AGT240_ParameterInstanceVariable_ClassVariableArrayComponent/src/testcase/AGT240_ParameterInstanceVariable_ClassVariableArrayComponent.java	10	args		@Readonly String @Readonly []
/home/vagrant/immutability-benchmark/testcases/source/AGT/AGT240_ParameterInstanceVariable_ClassVariableArrayComponent/src/testcase/AGT240_ParameterInstanceVariable_ClassVariableArrayComponent.java	10	main(java.lang.String[])-static		@Mutable
/home/vagrant/immutability-benchmark/testcases/source/AGT/AGT240_ParameterInstanceVariable_ClassVariableArrayComponent/src/testcase/AGT240_ParameterInstanceVariable_ClassVariableArrayComponent.java	10	main(java.lang.String[])		void ([@Readonly String @Readonly []]) @Readonly AGT240_ParameterInstanceVariable_ClassVariableArrayComponent
/home/vagrant/immutability-benchmark/testcases/source/AGT/AGT240_ParameterInstanceVariable_ClassVariableArrayComponent/src/testcase/AGT240_ParameterInstanceVariable_ClassVariableArrayComponent.java	14	foo()-static		@Mutable
/home/vagrant/immutability-benchmark/testcases/source/AGT/AGT240_ParameterInstanceVariable_ClassVariableArrayComponent/src/testcase/AGT240_ParameterInstanceVariable_ClassVariableArrayComponent.java	14	foo()		void () @Readonly AGT240_ParameterInstanceVariable_ClassVariableArrayComponent
/home/vagrant/immutability-benchmark/testcases/source/AGT/AGT240_ParameterInstanceVariable_ClassVariableArrayComponent/src/testcase/AGT240_ParameterInstanceVariable_ClassVariableArrayComponent.java	22	testcase.Test		@Mutable Test
/home/vagrant/immutability-benchmark/testcases/source/AGT/AGT240_ParameterInstanceVariable_ClassVariableArrayComponent/src/testcase/AGT240_ParameterInstanceVariable_ClassVariableArrayComponent.java	23	f1		@Readonly Object @Mutable []
/home/vagrant/immutability-benchmark/testcases/source/AGT/AGT240_ParameterInstanceVariable_ClassVariableArrayComponent/src/testcase/AGT240_ParameterInstanceVariable_ClassVariableArrayComponent.java	24	f2		@Readonly Object
/home/vagrant/immutability-benchmark/testcases/source/AGT/AGT240_ParameterInstanceVariable_ClassVariableArrayComponent/src/testcase/AGT240_ParameterInstanceVariable_ClassVariableArrayComponent.java	26	bar(testcase.Test)-static		@Mutable
/home/vagrant/immutability-benchmark/testcases/source/AGT/AGT240_ParameterInstanceVariable_ClassVariableArrayComponent/src/testcase/AGT240_ParameterInstanceVariable_ClassVariableArrayComponent.java	26	bar(testcase.Test)		void ([@Readonly Test]) @Readonly Test
/home/vagrant/immutability-benchmark/testcases/source/AGT/AGT240_ParameterInstanceVariable_ClassVariableArrayComponent/src/testcase/AGT240_ParameterInstanceVariable_ClassVariableArrayComponent.java	26	p		@Readonly Test
/home/vagrant/immutability-benchmark/testcases/source/AGT/AGT240_ParameterInstanceVariable_ClassVariableArrayComponent/src/testcase/AGT240_ParameterInstanceVariable_ClassVariableArrayComponent.java	30	toString()-static		@Readonly
/home/vagrant/immutability-benchmark/testcases/source/AGT/AGT240_ParameterInstanceVariable_ClassVariableArrayComponent/src/testcase/AGT240_ParameterInstanceVariable_ClassVariableArrayComponent.java	30	toString()		@Readonly String () @Readonly Test
INFO: There are 8 (72.72727%) readonly, 1 (9.090909%) polyread and 2 (18.181818%) mutable references out of 11 references
INFO: Total methods: 4 pure methods: 1(25.0%)
