/home/vagrant/immutability-benchmark/testcases/source/AGT/AGT240_ParameterInstanceVariable_ClassVariableArrayComponent/src/testcase/AGT240_ParameterInstanceVariable_ClassVariableArrayComponent.java	8	testcase.AGT240_ParameterInstanceVariable_ClassVariableArrayComponent		@Mutable AGT240_ParameterInstanceVariable_ClassVariableArrayComponent
/home/vagrant/immutability-benchmark/testcases/source/AGT/AGT240_ParameterInstanceVariable_ClassVariableArrayComponent/src/testcase/AGT240_ParameterInstanceVariable_ClassVariableArrayComponent.java	10	f1		@Readonly Object @Mutable []
/home/vagrant/immutability-benchmark/testcases/source/AGT/AGT240_ParameterInstanceVariable_ClassVariableArrayComponent/src/testcase/AGT240_ParameterInstanceVariable_ClassVariableArrayComponent.java	13	f2		@Readonly Object
/home/vagrant/immutability-benchmark/testcases/source/AGT/AGT240_ParameterInstanceVariable_ClassVariableArrayComponent/src/testcase/AGT240_ParameterInstanceVariable_ClassVariableArrayComponent.java	16	toString()-static		@Mutable
/home/vagrant/immutability-benchmark/testcases/source/AGT/AGT240_ParameterInstanceVariable_ClassVariableArrayComponent/src/testcase/AGT240_ParameterInstanceVariable_ClassVariableArrayComponent.java	16	toString()		@Readonly String () @Readonly AGT240_ParameterInstanceVariable_ClassVariableArrayComponent
/home/vagrant/immutability-benchmark/testcases/source/AGT/AGT240_ParameterInstanceVariable_ClassVariableArrayComponent/src/testcase/AGT240_ParameterInstanceVariable_ClassVariableArrayComponent.java	21	foo(testcase.AGT240_ParameterInstanceVariable_ClassVariableArrayComponent)-static		@Mutable
/home/vagrant/immutability-benchmark/testcases/source/AGT/AGT240_ParameterInstanceVariable_ClassVariableArrayComponent/src/testcase/AGT240_ParameterInstanceVariable_ClassVariableArrayComponent.java	21	foo(testcase.AGT240_ParameterInstanceVariable_ClassVariableArrayComponent)		void ([@Readonly AGT240_ParameterInstanceVariable_ClassVariableArrayComponent]) @Readonly AGT240_ParameterInstanceVariable_ClassVariableArrayComponent
/home/vagrant/immutability-benchmark/testcases/source/AGT/AGT240_ParameterInstanceVariable_ClassVariableArrayComponent/src/testcase/AGT240_ParameterInstanceVariable_ClassVariableArrayComponent.java	21	p		@Readonly AGT240_ParameterInstanceVariable_ClassVariableArrayComponent
/home/vagrant/immutability-benchmark/testcases/source/AGT/AGT240_ParameterInstanceVariable_ClassVariableArrayComponent/src/testcase/AGT240_ParameterInstanceVariable_ClassVariableArrayComponent.java	25	args		@Readonly String @Readonly []
/home/vagrant/immutability-benchmark/testcases/source/AGT/AGT240_ParameterInstanceVariable_ClassVariableArrayComponent/src/testcase/AGT240_ParameterInstanceVariable_ClassVariableArrayComponent.java	25	main(java.lang.String[])-static		@Mutable
/home/vagrant/immutability-benchmark/testcases/source/AGT/AGT240_ParameterInstanceVariable_ClassVariableArrayComponent/src/testcase/AGT240_ParameterInstanceVariable_ClassVariableArrayComponent.java	25	main(java.lang.String[])		void ([@Readonly String @Readonly []]) @Readonly AGT240_ParameterInstanceVariable_ClassVariableArrayComponent
/home/vagrant/immutability-benchmark/testcases/source/AGT/AGT240_ParameterInstanceVariable_ClassVariableArrayComponent/src/testcase/AGT240_ParameterInstanceVariable_ClassVariableArrayComponent.java	26	test		@Readonly AGT240_ParameterInstanceVariable_ClassVariableArrayComponent
INFO: There are 7 (77.77778%) readonly, 1 (11.111112%) polyread and 1 (11.111112%) mutable references out of 9 references
INFO: Total methods: 3 pure methods: 1(33.333332%)
