/home/vagrant/immutability-benchmark/testcases/source/AGT/AGT178_ClassVariable_ParameterArrayComponent/src/testcase/AGT178_ClassVariable_ParameterArrayComponent.java	7	testcase.AGT178_ClassVariable_ParameterArrayComponent		@Mutable AGT178_ClassVariable_ParameterArrayComponent
/home/vagrant/immutability-benchmark/testcases/source/AGT/AGT178_ClassVariable_ParameterArrayComponent/src/testcase/AGT178_ClassVariable_ParameterArrayComponent.java	9	test		@Mutable Test
/home/vagrant/immutability-benchmark/testcases/source/AGT/AGT178_ClassVariable_ParameterArrayComponent/src/testcase/AGT178_ClassVariable_ParameterArrayComponent.java	12	args		@Readonly String @Readonly []
/home/vagrant/immutability-benchmark/testcases/source/AGT/AGT178_ClassVariable_ParameterArrayComponent/src/testcase/AGT178_ClassVariable_ParameterArrayComponent.java	12	main(java.lang.String[])-static		@Mutable
/home/vagrant/immutability-benchmark/testcases/source/AGT/AGT178_ClassVariable_ParameterArrayComponent/src/testcase/AGT178_ClassVariable_ParameterArrayComponent.java	12	main(java.lang.String[])		void ([@Readonly String @Readonly []]) @Readonly AGT178_ClassVariable_ParameterArrayComponent
/home/vagrant/immutability-benchmark/testcases/source/AGT/AGT178_ClassVariable_ParameterArrayComponent/src/testcase/AGT178_ClassVariable_ParameterArrayComponent.java	16	foo()-static		@Mutable
/home/vagrant/immutability-benchmark/testcases/source/AGT/AGT178_ClassVariable_ParameterArrayComponent/src/testcase/AGT178_ClassVariable_ParameterArrayComponent.java	16	foo()		void () @Mutable AGT178_ClassVariable_ParameterArrayComponent
/home/vagrant/immutability-benchmark/testcases/source/AGT/AGT178_ClassVariable_ParameterArrayComponent/src/testcase/AGT178_ClassVariable_ParameterArrayComponent.java	24	testcase.Test		@Mutable Test
/home/vagrant/immutability-benchmark/testcases/source/AGT/AGT178_ClassVariable_ParameterArrayComponent/src/testcase/AGT178_ClassVariable_ParameterArrayComponent.java	25	f1		@Readonly Object @Mutable []
/home/vagrant/immutability-benchmark/testcases/source/AGT/AGT178_ClassVariable_ParameterArrayComponent/src/testcase/AGT178_ClassVariable_ParameterArrayComponent.java	26	f2		@Mutable Object
/home/vagrant/immutability-benchmark/testcases/source/AGT/AGT178_ClassVariable_ParameterArrayComponent/src/testcase/AGT178_ClassVariable_ParameterArrayComponent.java	28	bar(java.lang.Object[])-static		@Mutable
/home/vagrant/immutability-benchmark/testcases/source/AGT/AGT178_ClassVariable_ParameterArrayComponent/src/testcase/AGT178_ClassVariable_ParameterArrayComponent.java	28	bar(java.lang.Object[])		void ([@Readonly Object @Mutable []]) @Readonly Test
/home/vagrant/immutability-benchmark/testcases/source/AGT/AGT178_ClassVariable_ParameterArrayComponent/src/testcase/AGT178_ClassVariable_ParameterArrayComponent.java	28	p		@Readonly Object @Mutable []
/home/vagrant/immutability-benchmark/testcases/source/AGT/AGT178_ClassVariable_ParameterArrayComponent/src/testcase/AGT178_ClassVariable_ParameterArrayComponent.java	32	toString()-static		@Readonly
/home/vagrant/immutability-benchmark/testcases/source/AGT/AGT178_ClassVariable_ParameterArrayComponent/src/testcase/AGT178_ClassVariable_ParameterArrayComponent.java	32	toString()		@Readonly String () @Readonly Test
INFO: There are 4 (36.363636%) readonly, 3 (27.272728%) polyread and 4 (36.363636%) mutable references out of 11 references
INFO: Total methods: 4 pure methods: 1(25.0%)
