/home/vagrant/immutability-benchmark/testcases/source/AGT/AGT201_DynamicDispatchReturn_ObjectInstanceVariable/src/testcase/AGT201_DynamicDispatchReturn_ObjectInstanceVariable.java	5	testcase.AGT201_DynamicDispatchReturn_ObjectInstanceVariable		@Mutable AGT201_DynamicDispatchReturn_ObjectInstanceVariable
/home/vagrant/immutability-benchmark/testcases/source/AGT/AGT201_DynamicDispatchReturn_ObjectInstanceVariable/src/testcase/AGT201_DynamicDispatchReturn_ObjectInstanceVariable.java	7	f		@Readonly Object
/home/vagrant/immutability-benchmark/testcases/source/AGT/AGT201_DynamicDispatchReturn_ObjectInstanceVariable/src/testcase/AGT201_DynamicDispatchReturn_ObjectInstanceVariable.java	10	toString()-static		@Readonly
/home/vagrant/immutability-benchmark/testcases/source/AGT/AGT201_DynamicDispatchReturn_ObjectInstanceVariable/src/testcase/AGT201_DynamicDispatchReturn_ObjectInstanceVariable.java	10	toString()		@Readonly String () @Readonly AGT201_DynamicDispatchReturn_ObjectInstanceVariable
/home/vagrant/immutability-benchmark/testcases/source/AGT/AGT201_DynamicDispatchReturn_ObjectInstanceVariable/src/testcase/AGT201_DynamicDispatchReturn_ObjectInstanceVariable.java	15	args		@Readonly String @Readonly []
/home/vagrant/immutability-benchmark/testcases/source/AGT/AGT201_DynamicDispatchReturn_ObjectInstanceVariable/src/testcase/AGT201_DynamicDispatchReturn_ObjectInstanceVariable.java	15	main(java.lang.String[])-static		@Mutable
/home/vagrant/immutability-benchmark/testcases/source/AGT/AGT201_DynamicDispatchReturn_ObjectInstanceVariable/src/testcase/AGT201_DynamicDispatchReturn_ObjectInstanceVariable.java	15	main(java.lang.String[])		void ([@Readonly String @Readonly []]) @Readonly AGT201_DynamicDispatchReturn_ObjectInstanceVariable
/home/vagrant/immutability-benchmark/testcases/source/AGT/AGT201_DynamicDispatchReturn_ObjectInstanceVariable/src/testcase/AGT201_DynamicDispatchReturn_ObjectInstanceVariable.java	16	test		@Mutable AGT201_DynamicDispatchReturn_ObjectInstanceVariable
/home/vagrant/immutability-benchmark/testcases/source/AGT/AGT201_DynamicDispatchReturn_ObjectInstanceVariable/src/testcase/AGT201_DynamicDispatchReturn_ObjectInstanceVariable.java	22	bar()-static		@Readonly
/home/vagrant/immutability-benchmark/testcases/source/AGT/AGT201_DynamicDispatchReturn_ObjectInstanceVariable/src/testcase/AGT201_DynamicDispatchReturn_ObjectInstanceVariable.java	22	bar()		@Readonly Object () @Readonly AGT201_DynamicDispatchReturn_ObjectInstanceVariable
INFO: There are 6 (75.0%) readonly, 0 (0.0%) polyread and 2 (25.0%) mutable references out of 8 references
INFO: Total methods: 3 pure methods: 2(66.666664%)
