/home/vagrant/immutability-benchmark/testcases/source/AGT/AGT201_DynamicDispatchReturn_ObjectInstanceVariable/src/testcase/AGT201_DynamicDispatchReturn_ObjectInstanceVariable.java	5	testcase.AGT201_DynamicDispatchReturn_ObjectInstanceVariable		@Mutable AGT201_DynamicDispatchReturn_ObjectInstanceVariable
/home/vagrant/immutability-benchmark/testcases/source/AGT/AGT201_DynamicDispatchReturn_ObjectInstanceVariable/src/testcase/AGT201_DynamicDispatchReturn_ObjectInstanceVariable.java	7	test		@Mutable Test
/home/vagrant/immutability-benchmark/testcases/source/AGT/AGT201_DynamicDispatchReturn_ObjectInstanceVariable/src/testcase/AGT201_DynamicDispatchReturn_ObjectInstanceVariable.java	10	bar()-static		@Readonly
/home/vagrant/immutability-benchmark/testcases/source/AGT/AGT201_DynamicDispatchReturn_ObjectInstanceVariable/src/testcase/AGT201_DynamicDispatchReturn_ObjectInstanceVariable.java	10	bar()		@Readonly Object () @Readonly AGT201_DynamicDispatchReturn_ObjectInstanceVariable
/home/vagrant/immutability-benchmark/testcases/source/AGT/AGT201_DynamicDispatchReturn_ObjectInstanceVariable/src/testcase/AGT201_DynamicDispatchReturn_ObjectInstanceVariable.java	14	args		@Readonly String @Readonly []
/home/vagrant/immutability-benchmark/testcases/source/AGT/AGT201_DynamicDispatchReturn_ObjectInstanceVariable/src/testcase/AGT201_DynamicDispatchReturn_ObjectInstanceVariable.java	14	main(java.lang.String[])-static		@Mutable
/home/vagrant/immutability-benchmark/testcases/source/AGT/AGT201_DynamicDispatchReturn_ObjectInstanceVariable/src/testcase/AGT201_DynamicDispatchReturn_ObjectInstanceVariable.java	14	main(java.lang.String[])		void ([@Readonly String @Readonly []]) @Readonly AGT201_DynamicDispatchReturn_ObjectInstanceVariable
/home/vagrant/immutability-benchmark/testcases/source/AGT/AGT201_DynamicDispatchReturn_ObjectInstanceVariable/src/testcase/AGT201_DynamicDispatchReturn_ObjectInstanceVariable.java	18	foo()-static		@Mutable
/home/vagrant/immutability-benchmark/testcases/source/AGT/AGT201_DynamicDispatchReturn_ObjectInstanceVariable/src/testcase/AGT201_DynamicDispatchReturn_ObjectInstanceVariable.java	18	foo()		void () @Mutable AGT201_DynamicDispatchReturn_ObjectInstanceVariable
/home/vagrant/immutability-benchmark/testcases/source/AGT/AGT201_DynamicDispatchReturn_ObjectInstanceVariable/src/testcase/AGT201_DynamicDispatchReturn_ObjectInstanceVariable.java	26	testcase.Test		@Mutable Test
/home/vagrant/immutability-benchmark/testcases/source/AGT/AGT201_DynamicDispatchReturn_ObjectInstanceVariable/src/testcase/AGT201_DynamicDispatchReturn_ObjectInstanceVariable.java	27	f		@Readonly Object
/home/vagrant/immutability-benchmark/testcases/source/AGT/AGT201_DynamicDispatchReturn_ObjectInstanceVariable/src/testcase/AGT201_DynamicDispatchReturn_ObjectInstanceVariable.java	29	toString()-static		@Readonly
/home/vagrant/immutability-benchmark/testcases/source/AGT/AGT201_DynamicDispatchReturn_ObjectInstanceVariable/src/testcase/AGT201_DynamicDispatchReturn_ObjectInstanceVariable.java	29	toString()		@Readonly String () @Readonly Test
INFO: There are 6 (60.000004%) readonly, 1 (10.0%) polyread and 3 (30.000002%) mutable references out of 10 references
INFO: Total methods: 4 pure methods: 2(50.0%)
