/home/vagrant/immutability-benchmark/testcases/source/AGT/AGT006_FinalObject_ClassVariableArrayComponent/src/testcase/AGT006_FinalObject_ClassVariableArrayComponent.java	5	testcase.AGT006_FinalObject_ClassVariableArrayComponent		@Mutable AGT006_FinalObject_ClassVariableArrayComponent
/home/vagrant/immutability-benchmark/testcases/source/AGT/AGT006_FinalObject_ClassVariableArrayComponent/src/testcase/AGT006_FinalObject_ClassVariableArrayComponent.java	7	test		@Readonly Test
/home/vagrant/immutability-benchmark/testcases/source/AGT/AGT006_FinalObject_ClassVariableArrayComponent/src/testcase/AGT006_FinalObject_ClassVariableArrayComponent.java	10	args		@Readonly String @Readonly []
/home/vagrant/immutability-benchmark/testcases/source/AGT/AGT006_FinalObject_ClassVariableArrayComponent/src/testcase/AGT006_FinalObject_ClassVariableArrayComponent.java	10	main(java.lang.String[])-static		@Mutable
/home/vagrant/immutability-benchmark/testcases/source/AGT/AGT006_FinalObject_ClassVariableArrayComponent/src/testcase/AGT006_FinalObject_ClassVariableArrayComponent.java	10	main(java.lang.String[])		void ([@Readonly String @Readonly []]) @Readonly AGT006_FinalObject_ClassVariableArrayComponent
/home/vagrant/immutability-benchmark/testcases/source/AGT/AGT006_FinalObject_ClassVariableArrayComponent/src/testcase/AGT006_FinalObject_ClassVariableArrayComponent.java	14	foo()-static		@Mutable
/home/vagrant/immutability-benchmark/testcases/source/AGT/AGT006_FinalObject_ClassVariableArrayComponent/src/testcase/AGT006_FinalObject_ClassVariableArrayComponent.java	14	foo()		void () @Readonly AGT006_FinalObject_ClassVariableArrayComponent
/home/vagrant/immutability-benchmark/testcases/source/AGT/AGT006_FinalObject_ClassVariableArrayComponent/src/testcase/AGT006_FinalObject_ClassVariableArrayComponent.java	15	o		@Readonly Object
/home/vagrant/immutability-benchmark/testcases/source/AGT/AGT006_FinalObject_ClassVariableArrayComponent/src/testcase/AGT006_FinalObject_ClassVariableArrayComponent.java	23	testcase.Test		@Readonly Test
/home/vagrant/immutability-benchmark/testcases/source/AGT/AGT006_FinalObject_ClassVariableArrayComponent/src/testcase/AGT006_FinalObject_ClassVariableArrayComponent.java	24	f		@Readonly Object @Mutable []
/home/vagrant/immutability-benchmark/testcases/source/AGT/AGT006_FinalObject_ClassVariableArrayComponent/src/testcase/AGT006_FinalObject_ClassVariableArrayComponent.java	26	toString()-static		@Readonly
/home/vagrant/immutability-benchmark/testcases/source/AGT/AGT006_FinalObject_ClassVariableArrayComponent/src/testcase/AGT006_FinalObject_ClassVariableArrayComponent.java	26	toString()		@Readonly String () @Readonly Test
INFO: There are 7 (77.77778%) readonly, 1 (11.111112%) polyread and 1 (11.111112%) mutable references out of 9 references
INFO: Total methods: 3 pure methods: 1(33.333332%)
