/home/vagrant/immutability-benchmark/testcases/source/AGT/AGT195_StaticDispatchReturn_ClassVariable/src/testcase/AGT195_StaticDispatchReturn_ClassVariable.java	5	testcase.AGT195_StaticDispatchReturn_ClassVariable		@Readonly AGT195_StaticDispatchReturn_ClassVariable
/home/vagrant/immutability-benchmark/testcases/source/AGT/AGT195_StaticDispatchReturn_ClassVariable/src/testcase/AGT195_StaticDispatchReturn_ClassVariable.java	7	f		@Mutable Object
/home/vagrant/immutability-benchmark/testcases/source/AGT/AGT195_StaticDispatchReturn_ClassVariable/src/testcase/AGT195_StaticDispatchReturn_ClassVariable.java	10	toString()-static		@Mutable
/home/vagrant/immutability-benchmark/testcases/source/AGT/AGT195_StaticDispatchReturn_ClassVariable/src/testcase/AGT195_StaticDispatchReturn_ClassVariable.java	10	toString()		@Readonly String () @Readonly AGT195_StaticDispatchReturn_ClassVariable
/home/vagrant/immutability-benchmark/testcases/source/AGT/AGT195_StaticDispatchReturn_ClassVariable/src/testcase/AGT195_StaticDispatchReturn_ClassVariable.java	15	args		@Readonly String @Readonly []
/home/vagrant/immutability-benchmark/testcases/source/AGT/AGT195_StaticDispatchReturn_ClassVariable/src/testcase/AGT195_StaticDispatchReturn_ClassVariable.java	15	main(java.lang.String[])-static		@Mutable
/home/vagrant/immutability-benchmark/testcases/source/AGT/AGT195_StaticDispatchReturn_ClassVariable/src/testcase/AGT195_StaticDispatchReturn_ClassVariable.java	15	main(java.lang.String[])		void ([@Readonly String @Readonly []]) @Readonly AGT195_StaticDispatchReturn_ClassVariable
/home/vagrant/immutability-benchmark/testcases/source/AGT/AGT195_StaticDispatchReturn_ClassVariable/src/testcase/AGT195_StaticDispatchReturn_ClassVariable.java	16	test		@Readonly AGT195_StaticDispatchReturn_ClassVariable
/home/vagrant/immutability-benchmark/testcases/source/AGT/AGT195_StaticDispatchReturn_ClassVariable/src/testcase/AGT195_StaticDispatchReturn_ClassVariable.java	22	bar()-static		@Readonly
/home/vagrant/immutability-benchmark/testcases/source/AGT/AGT195_StaticDispatchReturn_ClassVariable/src/testcase/AGT195_StaticDispatchReturn_ClassVariable.java	22	bar()		@Polyread Object () @Readonly AGT195_StaticDispatchReturn_ClassVariable
INFO: There are 5 (71.42857%) readonly, 2 (28.57143%) polyread and 0 (0.0%) mutable references out of 7 references
INFO: Total methods: 3 pure methods: 2(66.666664%)
