/home/vagrant/immutability-benchmark/testcases/source/AGT/AGT001_FinalObject_ObjectInstanceVariable/src/testcase/AGT001_FinalObject_ObjectInstanceVariable.java	5	testcase.AGT001_FinalObject_ObjectInstanceVariable		@Mutable AGT001_FinalObject_ObjectInstanceVariable
/home/vagrant/immutability-benchmark/testcases/source/AGT/AGT001_FinalObject_ObjectInstanceVariable/src/testcase/AGT001_FinalObject_ObjectInstanceVariable.java	7	test		@Mutable Test
/home/vagrant/immutability-benchmark/testcases/source/AGT/AGT001_FinalObject_ObjectInstanceVariable/src/testcase/AGT001_FinalObject_ObjectInstanceVariable.java	10	args		@Readonly String @Readonly []
/home/vagrant/immutability-benchmark/testcases/source/AGT/AGT001_FinalObject_ObjectInstanceVariable/src/testcase/AGT001_FinalObject_ObjectInstanceVariable.java	10	main(java.lang.String[])-static		@Mutable
/home/vagrant/immutability-benchmark/testcases/source/AGT/AGT001_FinalObject_ObjectInstanceVariable/src/testcase/AGT001_FinalObject_ObjectInstanceVariable.java	10	main(java.lang.String[])		void ([@Readonly String @Readonly []]) @Readonly AGT001_FinalObject_ObjectInstanceVariable
/home/vagrant/immutability-benchmark/testcases/source/AGT/AGT001_FinalObject_ObjectInstanceVariable/src/testcase/AGT001_FinalObject_ObjectInstanceVariable.java	14	foo()-static		@Mutable
/home/vagrant/immutability-benchmark/testcases/source/AGT/AGT001_FinalObject_ObjectInstanceVariable/src/testcase/AGT001_FinalObject_ObjectInstanceVariable.java	14	foo()		void () @Mutable AGT001_FinalObject_ObjectInstanceVariable
/home/vagrant/immutability-benchmark/testcases/source/AGT/AGT001_FinalObject_ObjectInstanceVariable/src/testcase/AGT001_FinalObject_ObjectInstanceVariable.java	15	o		@Readonly Object
/home/vagrant/immutability-benchmark/testcases/source/AGT/AGT001_FinalObject_ObjectInstanceVariable/src/testcase/AGT001_FinalObject_ObjectInstanceVariable.java	23	testcase.Test		@Mutable Test
/home/vagrant/immutability-benchmark/testcases/source/AGT/AGT001_FinalObject_ObjectInstanceVariable/src/testcase/AGT001_FinalObject_ObjectInstanceVariable.java	24	f		@Readonly Object
/home/vagrant/immutability-benchmark/testcases/source/AGT/AGT001_FinalObject_ObjectInstanceVariable/src/testcase/AGT001_FinalObject_ObjectInstanceVariable.java	26	toString()-static		@Readonly
/home/vagrant/immutability-benchmark/testcases/source/AGT/AGT001_FinalObject_ObjectInstanceVariable/src/testcase/AGT001_FinalObject_ObjectInstanceVariable.java	26	toString()		@Readonly String () @Readonly Test
INFO: There are 5 (55.555557%) readonly, 1 (11.111112%) polyread and 3 (33.333336%) mutable references out of 9 references
INFO: Total methods: 3 pure methods: 1(33.333332%)
