/home/vagrant/immutability-benchmark/testcases/source/AGT/AGT180_ClassVariable_ParameterInstanceVariableArrayComponent/src/testcase/AGT180_ClassVariable_ParameterInstanceVariableArrayComponent.java	8	testcase.AGT180_ClassVariable_ParameterInstanceVariableArrayComponent		@Mutable AGT180_ClassVariable_ParameterInstanceVariableArrayComponent
/home/vagrant/immutability-benchmark/testcases/source/AGT/AGT180_ClassVariable_ParameterInstanceVariableArrayComponent/src/testcase/AGT180_ClassVariable_ParameterInstanceVariableArrayComponent.java	10	f1		@Readonly Object @Mutable []
/home/vagrant/immutability-benchmark/testcases/source/AGT/AGT180_ClassVariable_ParameterInstanceVariableArrayComponent/src/testcase/AGT180_ClassVariable_ParameterInstanceVariableArrayComponent.java	13	f2		@Mutable Object
/home/vagrant/immutability-benchmark/testcases/source/AGT/AGT180_ClassVariable_ParameterInstanceVariableArrayComponent/src/testcase/AGT180_ClassVariable_ParameterInstanceVariableArrayComponent.java	16	toString()-static		@Mutable
/home/vagrant/immutability-benchmark/testcases/source/AGT/AGT180_ClassVariable_ParameterInstanceVariableArrayComponent/src/testcase/AGT180_ClassVariable_ParameterInstanceVariableArrayComponent.java	16	toString()		@Readonly String () @Readonly AGT180_ClassVariable_ParameterInstanceVariableArrayComponent
/home/vagrant/immutability-benchmark/testcases/source/AGT/AGT180_ClassVariable_ParameterInstanceVariableArrayComponent/src/testcase/AGT180_ClassVariable_ParameterInstanceVariableArrayComponent.java	21	args		@Readonly String @Readonly []
/home/vagrant/immutability-benchmark/testcases/source/AGT/AGT180_ClassVariable_ParameterInstanceVariableArrayComponent/src/testcase/AGT180_ClassVariable_ParameterInstanceVariableArrayComponent.java	21	main(java.lang.String[])-static		@Mutable
/home/vagrant/immutability-benchmark/testcases/source/AGT/AGT180_ClassVariable_ParameterInstanceVariableArrayComponent/src/testcase/AGT180_ClassVariable_ParameterInstanceVariableArrayComponent.java	21	main(java.lang.String[])		void ([@Readonly String @Readonly []]) @Readonly AGT180_ClassVariable_ParameterInstanceVariableArrayComponent
/home/vagrant/immutability-benchmark/testcases/source/AGT/AGT180_ClassVariable_ParameterInstanceVariableArrayComponent/src/testcase/AGT180_ClassVariable_ParameterInstanceVariableArrayComponent.java	22	a		@Mutable AGT180_ClassVariable_ParameterInstanceVariableArrayComponent
/home/vagrant/immutability-benchmark/testcases/source/AGT/AGT180_ClassVariable_ParameterInstanceVariableArrayComponent/src/testcase/AGT180_ClassVariable_ParameterInstanceVariableArrayComponent.java	28	foo(testcase.AGT180_ClassVariable_ParameterInstanceVariableArrayComponent)-static		@Mutable
/home/vagrant/immutability-benchmark/testcases/source/AGT/AGT180_ClassVariable_ParameterInstanceVariableArrayComponent/src/testcase/AGT180_ClassVariable_ParameterInstanceVariableArrayComponent.java	28	foo(testcase.AGT180_ClassVariable_ParameterInstanceVariableArrayComponent)		void ([@Mutable AGT180_ClassVariable_ParameterInstanceVariableArrayComponent]) @Readonly AGT180_ClassVariable_ParameterInstanceVariableArrayComponent
/home/vagrant/immutability-benchmark/testcases/source/AGT/AGT180_ClassVariable_ParameterInstanceVariableArrayComponent/src/testcase/AGT180_ClassVariable_ParameterInstanceVariableArrayComponent.java	28	p		@Mutable AGT180_ClassVariable_ParameterInstanceVariableArrayComponent
INFO: There are 4 (44.444447%) readonly, 2 (22.222223%) polyread and 3 (33.333336%) mutable references out of 9 references
INFO: Total methods: 3 pure methods: 1(33.333332%)
