/home/vagrant/immutability-benchmark/testcases/source/AGT/AGT180_ClassVariable_ParameterInstanceVariableArrayComponent/src/testcase/AGT180_ClassVariable_ParameterInstanceVariableArrayComponent.java	7	testcase.AGT180_ClassVariable_ParameterInstanceVariableArrayComponent		@Mutable AGT180_ClassVariable_ParameterInstanceVariableArrayComponent
/home/vagrant/immutability-benchmark/testcases/source/AGT/AGT180_ClassVariable_ParameterInstanceVariableArrayComponent/src/testcase/AGT180_ClassVariable_ParameterInstanceVariableArrayComponent.java	9	test		@Mutable Test
/home/vagrant/immutability-benchmark/testcases/source/AGT/AGT180_ClassVariable_ParameterInstanceVariableArrayComponent/src/testcase/AGT180_ClassVariable_ParameterInstanceVariableArrayComponent.java	12	args		@Readonly String @Readonly []
/home/vagrant/immutability-benchmark/testcases/source/AGT/AGT180_ClassVariable_ParameterInstanceVariableArrayComponent/src/testcase/AGT180_ClassVariable_ParameterInstanceVariableArrayComponent.java	12	main(java.lang.String[])-static		@Mutable
/home/vagrant/immutability-benchmark/testcases/source/AGT/AGT180_ClassVariable_ParameterInstanceVariableArrayComponent/src/testcase/AGT180_ClassVariable_ParameterInstanceVariableArrayComponent.java	12	main(java.lang.String[])		void ([@Readonly String @Readonly []]) @Readonly AGT180_ClassVariable_ParameterInstanceVariableArrayComponent
/home/vagrant/immutability-benchmark/testcases/source/AGT/AGT180_ClassVariable_ParameterInstanceVariableArrayComponent/src/testcase/AGT180_ClassVariable_ParameterInstanceVariableArrayComponent.java	16	foo()-static		@Mutable
/home/vagrant/immutability-benchmark/testcases/source/AGT/AGT180_ClassVariable_ParameterInstanceVariableArrayComponent/src/testcase/AGT180_ClassVariable_ParameterInstanceVariableArrayComponent.java	16	foo()		void () @Mutable AGT180_ClassVariable_ParameterInstanceVariableArrayComponent
/home/vagrant/immutability-benchmark/testcases/source/AGT/AGT180_ClassVariable_ParameterInstanceVariableArrayComponent/src/testcase/AGT180_ClassVariable_ParameterInstanceVariableArrayComponent.java	24	testcase.Test		@Mutable Test
/home/vagrant/immutability-benchmark/testcases/source/AGT/AGT180_ClassVariable_ParameterInstanceVariableArrayComponent/src/testcase/AGT180_ClassVariable_ParameterInstanceVariableArrayComponent.java	25	f1		@Readonly Object @Mutable []
/home/vagrant/immutability-benchmark/testcases/source/AGT/AGT180_ClassVariable_ParameterInstanceVariableArrayComponent/src/testcase/AGT180_ClassVariable_ParameterInstanceVariableArrayComponent.java	26	f2		@Mutable Object
/home/vagrant/immutability-benchmark/testcases/source/AGT/AGT180_ClassVariable_ParameterInstanceVariableArrayComponent/src/testcase/AGT180_ClassVariable_ParameterInstanceVariableArrayComponent.java	28	bar(testcase.Test)-static		@Mutable
/home/vagrant/immutability-benchmark/testcases/source/AGT/AGT180_ClassVariable_ParameterInstanceVariableArrayComponent/src/testcase/AGT180_ClassVariable_ParameterInstanceVariableArrayComponent.java	28	bar(testcase.Test)		void ([@Mutable Test]) @Readonly Test
/home/vagrant/immutability-benchmark/testcases/source/AGT/AGT180_ClassVariable_ParameterInstanceVariableArrayComponent/src/testcase/AGT180_ClassVariable_ParameterInstanceVariableArrayComponent.java	28	p		@Mutable Test
/home/vagrant/immutability-benchmark/testcases/source/AGT/AGT180_ClassVariable_ParameterInstanceVariableArrayComponent/src/testcase/AGT180_ClassVariable_ParameterInstanceVariableArrayComponent.java	32	toString()-static		@Readonly
/home/vagrant/immutability-benchmark/testcases/source/AGT/AGT180_ClassVariable_ParameterInstanceVariableArrayComponent/src/testcase/AGT180_ClassVariable_ParameterInstanceVariableArrayComponent.java	32	toString()		@Readonly String () @Readonly Test
INFO: There are 4 (36.363636%) readonly, 3 (27.272728%) polyread and 4 (36.363636%) mutable references out of 11 references
INFO: Total methods: 4 pure methods: 1(25.0%)
