/home/vagrant/immutability-benchmark/testcases/source/AGT/AGT020_ByteLiteral_ParameterInstanceVariableArrayComponent/src/testcase/AGT020_ByteLiteral_ParameterInstanceVariableArrayComponent.java	7	testcase.AGT020_ByteLiteral_ParameterInstanceVariableArrayComponent		@Mutable AGT020_ByteLiteral_ParameterInstanceVariableArrayComponent
/home/vagrant/immutability-benchmark/testcases/source/AGT/AGT020_ByteLiteral_ParameterInstanceVariableArrayComponent/src/testcase/AGT020_ByteLiteral_ParameterInstanceVariableArrayComponent.java	9	f		@Readonly Object @Mutable []
/home/vagrant/immutability-benchmark/testcases/source/AGT/AGT020_ByteLiteral_ParameterInstanceVariableArrayComponent/src/testcase/AGT020_ByteLiteral_ParameterInstanceVariableArrayComponent.java	12	toString()-static		@Readonly
/home/vagrant/immutability-benchmark/testcases/source/AGT/AGT020_ByteLiteral_ParameterInstanceVariableArrayComponent/src/testcase/AGT020_ByteLiteral_ParameterInstanceVariableArrayComponent.java	12	toString()		@Readonly String () @Readonly AGT020_ByteLiteral_ParameterInstanceVariableArrayComponent
/home/vagrant/immutability-benchmark/testcases/source/AGT/AGT020_ByteLiteral_ParameterInstanceVariableArrayComponent/src/testcase/AGT020_ByteLiteral_ParameterInstanceVariableArrayComponent.java	17	args		@Readonly String @Readonly []
/home/vagrant/immutability-benchmark/testcases/source/AGT/AGT020_ByteLiteral_ParameterInstanceVariableArrayComponent/src/testcase/AGT020_ByteLiteral_ParameterInstanceVariableArrayComponent.java	17	main(java.lang.String[])-static		@Mutable
/home/vagrant/immutability-benchmark/testcases/source/AGT/AGT020_ByteLiteral_ParameterInstanceVariableArrayComponent/src/testcase/AGT020_ByteLiteral_ParameterInstanceVariableArrayComponent.java	17	main(java.lang.String[])		void ([@Readonly String @Readonly []]) @Readonly AGT020_ByteLiteral_ParameterInstanceVariableArrayComponent
/home/vagrant/immutability-benchmark/testcases/source/AGT/AGT020_ByteLiteral_ParameterInstanceVariableArrayComponent/src/testcase/AGT020_ByteLiteral_ParameterInstanceVariableArrayComponent.java	18	test		@Mutable AGT020_ByteLiteral_ParameterInstanceVariableArrayComponent
/home/vagrant/immutability-benchmark/testcases/source/AGT/AGT020_ByteLiteral_ParameterInstanceVariableArrayComponent/src/testcase/AGT020_ByteLiteral_ParameterInstanceVariableArrayComponent.java	24	foo(testcase.AGT020_ByteLiteral_ParameterInstanceVariableArrayComponent)-static		@Readonly
/home/vagrant/immutability-benchmark/testcases/source/AGT/AGT020_ByteLiteral_ParameterInstanceVariableArrayComponent/src/testcase/AGT020_ByteLiteral_ParameterInstanceVariableArrayComponent.java	24	foo(testcase.AGT020_ByteLiteral_ParameterInstanceVariableArrayComponent)		void ([@Mutable AGT020_ByteLiteral_ParameterInstanceVariableArrayComponent]) @Readonly AGT020_ByteLiteral_ParameterInstanceVariableArrayComponent
/home/vagrant/immutability-benchmark/testcases/source/AGT/AGT020_ByteLiteral_ParameterInstanceVariableArrayComponent/src/testcase/AGT020_ByteLiteral_ParameterInstanceVariableArrayComponent.java	24	p		@Mutable AGT020_ByteLiteral_ParameterInstanceVariableArrayComponent
INFO: There are 4 (50.0%) readonly, 1 (12.5%) polyread and 3 (37.5%) mutable references out of 8 references
INFO: Total methods: 3 pure methods: 1(33.333332%)
