/home/vagrant/immutability-benchmark/testcases/source/AGT/AGT199_StaticDispatchReturn_ParameterInstanceVariable/src/testcase/AGT199_StaticDispatchReturn_ParameterInstanceVariable.java	5	testcase.AGT199_StaticDispatchReturn_ParameterInstanceVariable		@Mutable AGT199_StaticDispatchReturn_ParameterInstanceVariable
/home/vagrant/immutability-benchmark/testcases/source/AGT/AGT199_StaticDispatchReturn_ParameterInstanceVariable/src/testcase/AGT199_StaticDispatchReturn_ParameterInstanceVariable.java	7	f		@Readonly Object
/home/vagrant/immutability-benchmark/testcases/source/AGT/AGT199_StaticDispatchReturn_ParameterInstanceVariable/src/testcase/AGT199_StaticDispatchReturn_ParameterInstanceVariable.java	10	toString()-static		@Readonly
/home/vagrant/immutability-benchmark/testcases/source/AGT/AGT199_StaticDispatchReturn_ParameterInstanceVariable/src/testcase/AGT199_StaticDispatchReturn_ParameterInstanceVariable.java	10	toString()		@Readonly String () @Readonly AGT199_StaticDispatchReturn_ParameterInstanceVariable
/home/vagrant/immutability-benchmark/testcases/source/AGT/AGT199_StaticDispatchReturn_ParameterInstanceVariable/src/testcase/AGT199_StaticDispatchReturn_ParameterInstanceVariable.java	15	args		@Readonly String @Readonly []
/home/vagrant/immutability-benchmark/testcases/source/AGT/AGT199_StaticDispatchReturn_ParameterInstanceVariable/src/testcase/AGT199_StaticDispatchReturn_ParameterInstanceVariable.java	15	main(java.lang.String[])-static		@Mutable
/home/vagrant/immutability-benchmark/testcases/source/AGT/AGT199_StaticDispatchReturn_ParameterInstanceVariable/src/testcase/AGT199_StaticDispatchReturn_ParameterInstanceVariable.java	15	main(java.lang.String[])		void ([@Readonly String @Readonly []]) @Readonly AGT199_StaticDispatchReturn_ParameterInstanceVariable
/home/vagrant/immutability-benchmark/testcases/source/AGT/AGT199_StaticDispatchReturn_ParameterInstanceVariable/src/testcase/AGT199_StaticDispatchReturn_ParameterInstanceVariable.java	16	test		@Mutable AGT199_StaticDispatchReturn_ParameterInstanceVariable
/home/vagrant/immutability-benchmark/testcases/source/AGT/AGT199_StaticDispatchReturn_ParameterInstanceVariable/src/testcase/AGT199_StaticDispatchReturn_ParameterInstanceVariable.java	22	foo(testcase.AGT199_StaticDispatchReturn_ParameterInstanceVariable)-static		@Readonly
/home/vagrant/immutability-benchmark/testcases/source/AGT/AGT199_StaticDispatchReturn_ParameterInstanceVariable/src/testcase/AGT199_StaticDispatchReturn_ParameterInstanceVariable.java	22	foo(testcase.AGT199_StaticDispatchReturn_ParameterInstanceVariable)		void ([@Mutable AGT199_StaticDispatchReturn_ParameterInstanceVariable]) @Readonly AGT199_StaticDispatchReturn_ParameterInstanceVariable
/home/vagrant/immutability-benchmark/testcases/source/AGT/AGT199_StaticDispatchReturn_ParameterInstanceVariable/src/testcase/AGT199_StaticDispatchReturn_ParameterInstanceVariable.java	22	p		@Mutable AGT199_StaticDispatchReturn_ParameterInstanceVariable
/home/vagrant/immutability-benchmark/testcases/source/AGT/AGT199_StaticDispatchReturn_ParameterInstanceVariable/src/testcase/AGT199_StaticDispatchReturn_ParameterInstanceVariable.java	26	bar()-static		@Readonly
/home/vagrant/immutability-benchmark/testcases/source/AGT/AGT199_StaticDispatchReturn_ParameterInstanceVariable/src/testcase/AGT199_StaticDispatchReturn_ParameterInstanceVariable.java	26	bar()		@Readonly Object () @Readonly AGT199_StaticDispatchReturn_ParameterInstanceVariable
INFO: There are 6 (66.66667%) readonly, 0 (0.0%) polyread and 3 (33.333336%) mutable references out of 9 references
INFO: Total methods: 4 pure methods: 2(50.0%)
