/home/vagrant/immutability-benchmark/testcases/source/AGT/AGT035_ShortLiteral_ClassVariable/src/testcase/AGT035_ShortLiteral_ClassVariable.java	5	testcase.AGT035_ShortLiteral_ClassVariable		@Readonly AGT035_ShortLiteral_ClassVariable
/home/vagrant/immutability-benchmark/testcases/source/AGT/AGT035_ShortLiteral_ClassVariable/src/testcase/AGT035_ShortLiteral_ClassVariable.java	7	f		@Mutable Object
/home/vagrant/immutability-benchmark/testcases/source/AGT/AGT035_ShortLiteral_ClassVariable/src/testcase/AGT035_ShortLiteral_ClassVariable.java	10	toString()-static		@Readonly
/home/vagrant/immutability-benchmark/testcases/source/AGT/AGT035_ShortLiteral_ClassVariable/src/testcase/AGT035_ShortLiteral_ClassVariable.java	10	toString()		@Readonly String () @Readonly AGT035_ShortLiteral_ClassVariable
/home/vagrant/immutability-benchmark/testcases/source/AGT/AGT035_ShortLiteral_ClassVariable/src/testcase/AGT035_ShortLiteral_ClassVariable.java	16	args		@Readonly String @Readonly []
/home/vagrant/immutability-benchmark/testcases/source/AGT/AGT035_ShortLiteral_ClassVariable/src/testcase/AGT035_ShortLiteral_ClassVariable.java	16	main(java.lang.String[])-static		@Mutable
/home/vagrant/immutability-benchmark/testcases/source/AGT/AGT035_ShortLiteral_ClassVariable/src/testcase/AGT035_ShortLiteral_ClassVariable.java	16	main(java.lang.String[])		void ([@Readonly String @Readonly []]) @Readonly AGT035_ShortLiteral_ClassVariable
/home/vagrant/immutability-benchmark/testcases/source/AGT/AGT035_ShortLiteral_ClassVariable/src/testcase/AGT035_ShortLiteral_ClassVariable.java	17	test		@Readonly AGT035_ShortLiteral_ClassVariable
INFO: There are 5 (83.33333%) readonly, 1 (16.666668%) polyread and 0 (0.0%) mutable references out of 6 references
INFO: Total methods: 2 pure methods: 1(50.0%)
