/home/vagrant/immutability-benchmark/testcases/source/AGT/AGT138_ObjectInstanceVariable_ParameterArrayComponent/src/testcase/AGT138_ObjectInstanceVariable_ParameterArrayComponent.java	7	testcase.AGT138_ObjectInstanceVariable_ParameterArrayComponent		@Mutable AGT138_ObjectInstanceVariable_ParameterArrayComponent
/home/vagrant/immutability-benchmark/testcases/source/AGT/AGT138_ObjectInstanceVariable_ParameterArrayComponent/src/testcase/AGT138_ObjectInstanceVariable_ParameterArrayComponent.java	9	f		@Readonly Object @Mutable []
/home/vagrant/immutability-benchmark/testcases/source/AGT/AGT138_ObjectInstanceVariable_ParameterArrayComponent/src/testcase/AGT138_ObjectInstanceVariable_ParameterArrayComponent.java	12	toString()-static		@Readonly
/home/vagrant/immutability-benchmark/testcases/source/AGT/AGT138_ObjectInstanceVariable_ParameterArrayComponent/src/testcase/AGT138_ObjectInstanceVariable_ParameterArrayComponent.java	12	toString()		@Readonly String () @Readonly AGT138_ObjectInstanceVariable_ParameterArrayComponent
/home/vagrant/immutability-benchmark/testcases/source/AGT/AGT138_ObjectInstanceVariable_ParameterArrayComponent/src/testcase/AGT138_ObjectInstanceVariable_ParameterArrayComponent.java	17	args		@Readonly String @Readonly []
/home/vagrant/immutability-benchmark/testcases/source/AGT/AGT138_ObjectInstanceVariable_ParameterArrayComponent/src/testcase/AGT138_ObjectInstanceVariable_ParameterArrayComponent.java	17	main(java.lang.String[])-static		@Mutable
/home/vagrant/immutability-benchmark/testcases/source/AGT/AGT138_ObjectInstanceVariable_ParameterArrayComponent/src/testcase/AGT138_ObjectInstanceVariable_ParameterArrayComponent.java	17	main(java.lang.String[])		void ([@Readonly String @Readonly []]) @Readonly AGT138_ObjectInstanceVariable_ParameterArrayComponent
/home/vagrant/immutability-benchmark/testcases/source/AGT/AGT138_ObjectInstanceVariable_ParameterArrayComponent/src/testcase/AGT138_ObjectInstanceVariable_ParameterArrayComponent.java	18	a		@Mutable AGT138_ObjectInstanceVariable_ParameterArrayComponent
/home/vagrant/immutability-benchmark/testcases/source/AGT/AGT138_ObjectInstanceVariable_ParameterArrayComponent/src/testcase/AGT138_ObjectInstanceVariable_ParameterArrayComponent.java	24	foo(java.lang.Object[])-static		@Readonly
/home/vagrant/immutability-benchmark/testcases/source/AGT/AGT138_ObjectInstanceVariable_ParameterArrayComponent/src/testcase/AGT138_ObjectInstanceVariable_ParameterArrayComponent.java	24	foo(java.lang.Object[])		void ([@Readonly Object @Mutable []]) @Readonly AGT138_ObjectInstanceVariable_ParameterArrayComponent
/home/vagrant/immutability-benchmark/testcases/source/AGT/AGT138_ObjectInstanceVariable_ParameterArrayComponent/src/testcase/AGT138_ObjectInstanceVariable_ParameterArrayComponent.java	24	p		@Readonly Object @Mutable []
/home/vagrant/immutability-benchmark/testcases/source/AGT/AGT138_ObjectInstanceVariable_ParameterArrayComponent/src/testcase/AGT138_ObjectInstanceVariable_ParameterArrayComponent.java	25	b		@Readonly AGT138_ObjectInstanceVariable_ParameterArrayComponent
INFO: There are 5 (55.555557%) readonly, 1 (11.111112%) polyread and 3 (33.333336%) mutable references out of 9 references
INFO: Total methods: 3 pure methods: 1(33.333332%)
