/home/vagrant/immutability-benchmark/testcases/source/AGT/AGT138_ObjectInstanceVariable_ParameterArrayComponent/src/testcase/AGT138_ObjectInstanceVariable_ParameterArrayComponent.java	7	testcase.AGT138_ObjectInstanceVariable_ParameterArrayComponent		@Mutable AGT138_ObjectInstanceVariable_ParameterArrayComponent
/home/vagrant/immutability-benchmark/testcases/source/AGT/AGT138_ObjectInstanceVariable_ParameterArrayComponent/src/testcase/AGT138_ObjectInstanceVariable_ParameterArrayComponent.java	9	test		@Mutable Test
/home/vagrant/immutability-benchmark/testcases/source/AGT/AGT138_ObjectInstanceVariable_ParameterArrayComponent/src/testcase/AGT138_ObjectInstanceVariable_ParameterArrayComponent.java	12	args		@Readonly String @Readonly []
/home/vagrant/immutability-benchmark/testcases/source/AGT/AGT138_ObjectInstanceVariable_ParameterArrayComponent/src/testcase/AGT138_ObjectInstanceVariable_ParameterArrayComponent.java	12	main(java.lang.String[])-static		@Mutable
/home/vagrant/immutability-benchmark/testcases/source/AGT/AGT138_ObjectInstanceVariable_ParameterArrayComponent/src/testcase/AGT138_ObjectInstanceVariable_ParameterArrayComponent.java	12	main(java.lang.String[])		void ([@Readonly String @Readonly []]) @Readonly AGT138_ObjectInstanceVariable_ParameterArrayComponent
/home/vagrant/immutability-benchmark/testcases/source/AGT/AGT138_ObjectInstanceVariable_ParameterArrayComponent/src/testcase/AGT138_ObjectInstanceVariable_ParameterArrayComponent.java	16	foo()-static		@Mutable
/home/vagrant/immutability-benchmark/testcases/source/AGT/AGT138_ObjectInstanceVariable_ParameterArrayComponent/src/testcase/AGT138_ObjectInstanceVariable_ParameterArrayComponent.java	16	foo()		void () @Mutable AGT138_ObjectInstanceVariable_ParameterArrayComponent
/home/vagrant/immutability-benchmark/testcases/source/AGT/AGT138_ObjectInstanceVariable_ParameterArrayComponent/src/testcase/AGT138_ObjectInstanceVariable_ParameterArrayComponent.java	24	testcase.Test		@Mutable Test
/home/vagrant/immutability-benchmark/testcases/source/AGT/AGT138_ObjectInstanceVariable_ParameterArrayComponent/src/testcase/AGT138_ObjectInstanceVariable_ParameterArrayComponent.java	25	f1		@Readonly Object @Mutable []
/home/vagrant/immutability-benchmark/testcases/source/AGT/AGT138_ObjectInstanceVariable_ParameterArrayComponent/src/testcase/AGT138_ObjectInstanceVariable_ParameterArrayComponent.java	26	f2		@Readonly Object
/home/vagrant/immutability-benchmark/testcases/source/AGT/AGT138_ObjectInstanceVariable_ParameterArrayComponent/src/testcase/AGT138_ObjectInstanceVariable_ParameterArrayComponent.java	28	bar(java.lang.Object[])-static		@Readonly
/home/vagrant/immutability-benchmark/testcases/source/AGT/AGT138_ObjectInstanceVariable_ParameterArrayComponent/src/testcase/AGT138_ObjectInstanceVariable_ParameterArrayComponent.java	28	bar(java.lang.Object[])		void ([@Readonly Object @Mutable []]) @Readonly Test
/home/vagrant/immutability-benchmark/testcases/source/AGT/AGT138_ObjectInstanceVariable_ParameterArrayComponent/src/testcase/AGT138_ObjectInstanceVariable_ParameterArrayComponent.java	28	p		@Readonly Object @Mutable []
/home/vagrant/immutability-benchmark/testcases/source/AGT/AGT138_ObjectInstanceVariable_ParameterArrayComponent/src/testcase/AGT138_ObjectInstanceVariable_ParameterArrayComponent.java	29	o		@Readonly Test
/home/vagrant/immutability-benchmark/testcases/source/AGT/AGT138_ObjectInstanceVariable_ParameterArrayComponent/src/testcase/AGT138_ObjectInstanceVariable_ParameterArrayComponent.java	33	toString()-static		@Readonly
/home/vagrant/immutability-benchmark/testcases/source/AGT/AGT138_ObjectInstanceVariable_ParameterArrayComponent/src/testcase/AGT138_ObjectInstanceVariable_ParameterArrayComponent.java	33	toString()		@Readonly String () @Readonly Test
INFO: There are 6 (50.0%) readonly, 2 (16.666668%) polyread and 4 (33.333336%) mutable references out of 12 references
INFO: Total methods: 4 pure methods: 1(25.0%)
