/home/vagrant/immutability-benchmark/testcases/source/ST/ST002_ReturnThis/src/testcase/ST002_ReturnThis.java	5	testcase.ST002_ReturnThis		@Mutable ST002_ReturnThis
/home/vagrant/immutability-benchmark/testcases/source/ST/ST002_ReturnThis/src/testcase/ST002_ReturnThis.java	7	test		@Mutable Test
/home/vagrant/immutability-benchmark/testcases/source/ST/ST002_ReturnThis/src/testcase/ST002_ReturnThis.java	10	args		@Readonly String @Readonly []
/home/vagrant/immutability-benchmark/testcases/source/ST/ST002_ReturnThis/src/testcase/ST002_ReturnThis.java	10	main(java.lang.String[])-static		@Mutable
/home/vagrant/immutability-benchmark/testcases/source/ST/ST002_ReturnThis/src/testcase/ST002_ReturnThis.java	10	main(java.lang.String[])		void ([@Readonly String @Readonly []]) @Readonly ST002_ReturnThis
/home/vagrant/immutability-benchmark/testcases/source/ST/ST002_ReturnThis/src/testcase/ST002_ReturnThis.java	14	foo()-static		@Mutable
/home/vagrant/immutability-benchmark/testcases/source/ST/ST002_ReturnThis/src/testcase/ST002_ReturnThis.java	14	foo()		void () @Mutable ST002_ReturnThis
/home/vagrant/immutability-benchmark/testcases/source/ST/ST002_ReturnThis/src/testcase/ST002_ReturnThis.java	22	testcase.Test		@Mutable Test
/home/vagrant/immutability-benchmark/testcases/source/ST/ST002_ReturnThis/src/testcase/ST002_ReturnThis.java	23	f		@Readonly Object
/home/vagrant/immutability-benchmark/testcases/source/ST/ST002_ReturnThis/src/testcase/ST002_ReturnThis.java	25	getThis()-static		@Readonly
/home/vagrant/immutability-benchmark/testcases/source/ST/ST002_ReturnThis/src/testcase/ST002_ReturnThis.java	25	getThis()		@Readonly Test () @Readonly Test
/home/vagrant/immutability-benchmark/testcases/source/ST/ST002_ReturnThis/src/testcase/ST002_ReturnThis.java	29	toString()-static		@Readonly
/home/vagrant/immutability-benchmark/testcases/source/ST/ST002_ReturnThis/src/testcase/ST002_ReturnThis.java	29	toString()		@Readonly String () @Readonly Test
INFO: There are 6 (60.000004%) readonly, 1 (10.0%) polyread and 3 (30.000002%) mutable references out of 10 references
INFO: Total methods: 4 pure methods: 2(50.0%)
