/home/vagrant/immutability-benchmark/testcases/source/AGT/AGT122_Enum_ObjectInstanceVariableArrayComponent/src/testcase/AGT122_Enum_ObjectInstanceVariableArrayComponent.java	7	testcase.AGT122_Enum_ObjectInstanceVariableArrayComponent		@Mutable AGT122_Enum_ObjectInstanceVariableArrayComponent
/home/vagrant/immutability-benchmark/testcases/source/AGT/AGT122_Enum_ObjectInstanceVariableArrayComponent/src/testcase/AGT122_Enum_ObjectInstanceVariableArrayComponent.java	9	test		@Mutable Test
/home/vagrant/immutability-benchmark/testcases/source/AGT/AGT122_Enum_ObjectInstanceVariableArrayComponent/src/testcase/AGT122_Enum_ObjectInstanceVariableArrayComponent.java	12	args		@Readonly String @Readonly []
/home/vagrant/immutability-benchmark/testcases/source/AGT/AGT122_Enum_ObjectInstanceVariableArrayComponent/src/testcase/AGT122_Enum_ObjectInstanceVariableArrayComponent.java	12	main(java.lang.String[])-static		@Mutable
/home/vagrant/immutability-benchmark/testcases/source/AGT/AGT122_Enum_ObjectInstanceVariableArrayComponent/src/testcase/AGT122_Enum_ObjectInstanceVariableArrayComponent.java	12	main(java.lang.String[])		void ([@Readonly String @Readonly []]) @Readonly AGT122_Enum_ObjectInstanceVariableArrayComponent
/home/vagrant/immutability-benchmark/testcases/source/AGT/AGT122_Enum_ObjectInstanceVariableArrayComponent/src/testcase/AGT122_Enum_ObjectInstanceVariableArrayComponent.java	16	foo()-static		@Mutable
/home/vagrant/immutability-benchmark/testcases/source/AGT/AGT122_Enum_ObjectInstanceVariableArrayComponent/src/testcase/AGT122_Enum_ObjectInstanceVariableArrayComponent.java	16	foo()		void () @Mutable AGT122_Enum_ObjectInstanceVariableArrayComponent
/home/vagrant/immutability-benchmark/testcases/source/AGT/AGT122_Enum_ObjectInstanceVariableArrayComponent/src/testcase/AGT122_Enum_ObjectInstanceVariableArrayComponent.java	25	E		@Mutable Enum
/home/vagrant/immutability-benchmark/testcases/source/AGT/AGT122_Enum_ObjectInstanceVariableArrayComponent/src/testcase/AGT122_Enum_ObjectInstanceVariableArrayComponent.java	28	testcase.Test		@Mutable Test
/home/vagrant/immutability-benchmark/testcases/source/AGT/AGT122_Enum_ObjectInstanceVariableArrayComponent/src/testcase/AGT122_Enum_ObjectInstanceVariableArrayComponent.java	29	f		@Readonly Object @Mutable []
/home/vagrant/immutability-benchmark/testcases/source/AGT/AGT122_Enum_ObjectInstanceVariableArrayComponent/src/testcase/AGT122_Enum_ObjectInstanceVariableArrayComponent.java	31	toString()-static		@Readonly
/home/vagrant/immutability-benchmark/testcases/source/AGT/AGT122_Enum_ObjectInstanceVariableArrayComponent/src/testcase/AGT122_Enum_ObjectInstanceVariableArrayComponent.java	31	toString()		@Readonly String () @Readonly Test
INFO: There are 3 (33.333336%) readonly, 2 (22.222223%) polyread and 4 (44.444447%) mutable references out of 9 references
INFO: Total methods: 3 pure methods: 1(33.333332%)
