/home/vagrant/immutability-benchmark/testcases/source/AGT/AGT215_Parameter_ObjectInstanceVariable/src/testcase/AGT215_Parameter_ObjectInstanceVariable.java	5	testcase.AGT215_Parameter_ObjectInstanceVariable		@Mutable AGT215_Parameter_ObjectInstanceVariable
/home/vagrant/immutability-benchmark/testcases/source/AGT/AGT215_Parameter_ObjectInstanceVariable/src/testcase/AGT215_Parameter_ObjectInstanceVariable.java	7	test		@Readonly Test
/home/vagrant/immutability-benchmark/testcases/source/AGT/AGT215_Parameter_ObjectInstanceVariable/src/testcase/AGT215_Parameter_ObjectInstanceVariable.java	10	args		@Readonly String @Readonly []
/home/vagrant/immutability-benchmark/testcases/source/AGT/AGT215_Parameter_ObjectInstanceVariable/src/testcase/AGT215_Parameter_ObjectInstanceVariable.java	10	main(java.lang.String[])-static		@Mutable
/home/vagrant/immutability-benchmark/testcases/source/AGT/AGT215_Parameter_ObjectInstanceVariable/src/testcase/AGT215_Parameter_ObjectInstanceVariable.java	10	main(java.lang.String[])		void ([@Readonly String @Readonly []]) @Readonly AGT215_Parameter_ObjectInstanceVariable
/home/vagrant/immutability-benchmark/testcases/source/AGT/AGT215_Parameter_ObjectInstanceVariable/src/testcase/AGT215_Parameter_ObjectInstanceVariable.java	14	foo()-static		@Mutable
/home/vagrant/immutability-benchmark/testcases/source/AGT/AGT215_Parameter_ObjectInstanceVariable/src/testcase/AGT215_Parameter_ObjectInstanceVariable.java	14	foo()		void () @Readonly AGT215_Parameter_ObjectInstanceVariable
/home/vagrant/immutability-benchmark/testcases/source/AGT/AGT215_Parameter_ObjectInstanceVariable/src/testcase/AGT215_Parameter_ObjectInstanceVariable.java	22	testcase.Test		@Mutable Test
/home/vagrant/immutability-benchmark/testcases/source/AGT/AGT215_Parameter_ObjectInstanceVariable/src/testcase/AGT215_Parameter_ObjectInstanceVariable.java	23	f		@Readonly Object
/home/vagrant/immutability-benchmark/testcases/source/AGT/AGT215_Parameter_ObjectInstanceVariable/src/testcase/AGT215_Parameter_ObjectInstanceVariable.java	25	bar(java.lang.Object)-static		@Readonly
/home/vagrant/immutability-benchmark/testcases/source/AGT/AGT215_Parameter_ObjectInstanceVariable/src/testcase/AGT215_Parameter_ObjectInstanceVariable.java	25	bar(java.lang.Object)		void ([@Readonly Object]) @Readonly Test
/home/vagrant/immutability-benchmark/testcases/source/AGT/AGT215_Parameter_ObjectInstanceVariable/src/testcase/AGT215_Parameter_ObjectInstanceVariable.java	25	p		@Readonly Object
/home/vagrant/immutability-benchmark/testcases/source/AGT/AGT215_Parameter_ObjectInstanceVariable/src/testcase/AGT215_Parameter_ObjectInstanceVariable.java	26	o		@Mutable Test
/home/vagrant/immutability-benchmark/testcases/source/AGT/AGT215_Parameter_ObjectInstanceVariable/src/testcase/AGT215_Parameter_ObjectInstanceVariable.java	30	toString()-static		@Readonly
/home/vagrant/immutability-benchmark/testcases/source/AGT/AGT215_Parameter_ObjectInstanceVariable/src/testcase/AGT215_Parameter_ObjectInstanceVariable.java	30	toString()		@Readonly String () @Readonly Test
INFO: There are 8 (72.72727%) readonly, 0 (0.0%) polyread and 3 (27.272728%) mutable references out of 11 references
INFO: Total methods: 4 pure methods: 2(50.0%)
