/home/vagrant/immutability-benchmark/testcases/source/ST/ST004_MultipleArrayComponents2/src/testcase/ST004_MultipleArrayComponents2.java	5	testcase.ST004_MultipleArrayComponents2		@Mutable ST004_MultipleArrayComponents2
/home/vagrant/immutability-benchmark/testcases/source/ST/ST004_MultipleArrayComponents2/src/testcase/ST004_MultipleArrayComponents2.java	7	test		@Mutable Test
/home/vagrant/immutability-benchmark/testcases/source/ST/ST004_MultipleArrayComponents2/src/testcase/ST004_MultipleArrayComponents2.java	10	tests		@Polyread Test @Mutable []
/home/vagrant/immutability-benchmark/testcases/source/ST/ST004_MultipleArrayComponents2/src/testcase/ST004_MultipleArrayComponents2.java	12	args		@Readonly String @Readonly []
/home/vagrant/immutability-benchmark/testcases/source/ST/ST004_MultipleArrayComponents2/src/testcase/ST004_MultipleArrayComponents2.java	12	main(java.lang.String[])-static		@Mutable
/home/vagrant/immutability-benchmark/testcases/source/ST/ST004_MultipleArrayComponents2/src/testcase/ST004_MultipleArrayComponents2.java	12	main(java.lang.String[])		void ([@Readonly String @Readonly []]) @Readonly ST004_MultipleArrayComponents2
/home/vagrant/immutability-benchmark/testcases/source/ST/ST004_MultipleArrayComponents2/src/testcase/ST004_MultipleArrayComponents2.java	16	foo()-static		@Mutable
/home/vagrant/immutability-benchmark/testcases/source/ST/ST004_MultipleArrayComponents2/src/testcase/ST004_MultipleArrayComponents2.java	16	foo()		void () @Mutable ST004_MultipleArrayComponents2
/home/vagrant/immutability-benchmark/testcases/source/ST/ST004_MultipleArrayComponents2/src/testcase/ST004_MultipleArrayComponents2.java	24	testcase.Test		@Mutable Test
/home/vagrant/immutability-benchmark/testcases/source/ST/ST004_MultipleArrayComponents2/src/testcase/ST004_MultipleArrayComponents2.java	25	f		@Readonly Object
/home/vagrant/immutability-benchmark/testcases/source/ST/ST004_MultipleArrayComponents2/src/testcase/ST004_MultipleArrayComponents2.java	27	toString()-static		@Readonly
/home/vagrant/immutability-benchmark/testcases/source/ST/ST004_MultipleArrayComponents2/src/testcase/ST004_MultipleArrayComponents2.java	27	toString()		@Readonly String () @Readonly Test
INFO: There are 4 (44.444447%) readonly, 2 (22.222223%) polyread and 3 (33.333336%) mutable references out of 9 references
INFO: Total methods: 3 pure methods: 1(33.333332%)
