/home/vagrant/immutability-benchmark/testcases/source/AGT/AGT229_ParameterArrayComponent_ClassVariable/src/testcase/AGT229_ParameterArrayComponent_ClassVariable.java	5	testcase.AGT229_ParameterArrayComponent_ClassVariable		@Mutable AGT229_ParameterArrayComponent_ClassVariable
/home/vagrant/immutability-benchmark/testcases/source/AGT/AGT229_ParameterArrayComponent_ClassVariable/src/testcase/AGT229_ParameterArrayComponent_ClassVariable.java	7	test		@Readonly Test
/home/vagrant/immutability-benchmark/testcases/source/AGT/AGT229_ParameterArrayComponent_ClassVariable/src/testcase/AGT229_ParameterArrayComponent_ClassVariable.java	10	args		@Readonly String @Readonly []
/home/vagrant/immutability-benchmark/testcases/source/AGT/AGT229_ParameterArrayComponent_ClassVariable/src/testcase/AGT229_ParameterArrayComponent_ClassVariable.java	10	main(java.lang.String[])-static		@Mutable
/home/vagrant/immutability-benchmark/testcases/source/AGT/AGT229_ParameterArrayComponent_ClassVariable/src/testcase/AGT229_ParameterArrayComponent_ClassVariable.java	10	main(java.lang.String[])		void ([@Readonly String @Readonly []]) @Readonly AGT229_ParameterArrayComponent_ClassVariable
/home/vagrant/immutability-benchmark/testcases/source/AGT/AGT229_ParameterArrayComponent_ClassVariable/src/testcase/AGT229_ParameterArrayComponent_ClassVariable.java	14	foo()-static		@Mutable
/home/vagrant/immutability-benchmark/testcases/source/AGT/AGT229_ParameterArrayComponent_ClassVariable/src/testcase/AGT229_ParameterArrayComponent_ClassVariable.java	14	foo()		void () @Readonly AGT229_ParameterArrayComponent_ClassVariable
/home/vagrant/immutability-benchmark/testcases/source/AGT/AGT229_ParameterArrayComponent_ClassVariable/src/testcase/AGT229_ParameterArrayComponent_ClassVariable.java	22	testcase.Test		@Readonly Test
/home/vagrant/immutability-benchmark/testcases/source/AGT/AGT229_ParameterArrayComponent_ClassVariable/src/testcase/AGT229_ParameterArrayComponent_ClassVariable.java	23	f		@Mutable Object
/home/vagrant/immutability-benchmark/testcases/source/AGT/AGT229_ParameterArrayComponent_ClassVariable/src/testcase/AGT229_ParameterArrayComponent_ClassVariable.java	25	bar(java.lang.Object[])-static		@Mutable
/home/vagrant/immutability-benchmark/testcases/source/AGT/AGT229_ParameterArrayComponent_ClassVariable/src/testcase/AGT229_ParameterArrayComponent_ClassVariable.java	25	bar(java.lang.Object[])		void ([@Polyread Object @Mutable []]) @Readonly Test
/home/vagrant/immutability-benchmark/testcases/source/AGT/AGT229_ParameterArrayComponent_ClassVariable/src/testcase/AGT229_ParameterArrayComponent_ClassVariable.java	25	p		@Polyread Object @Mutable []
/home/vagrant/immutability-benchmark/testcases/source/AGT/AGT229_ParameterArrayComponent_ClassVariable/src/testcase/AGT229_ParameterArrayComponent_ClassVariable.java	29	toString()-static		@Readonly
/home/vagrant/immutability-benchmark/testcases/source/AGT/AGT229_ParameterArrayComponent_ClassVariable/src/testcase/AGT229_ParameterArrayComponent_ClassVariable.java	29	toString()		@Readonly String () @Readonly Test
INFO: There are 7 (70.0%) readonly, 1 (10.0%) polyread and 2 (20.0%) mutable references out of 10 references
INFO: Total methods: 4 pure methods: 1(25.0%)
