/home/vagrant/immutability-benchmark/testcases/source/AGT/AGT229_ParameterArrayComponent_ClassVariable/src/testcase/AGT229_ParameterArrayComponent_ClassVariable.java	7	testcase.AGT229_ParameterArrayComponent_ClassVariable		@Mutable AGT229_ParameterArrayComponent_ClassVariable
/home/vagrant/immutability-benchmark/testcases/source/AGT/AGT229_ParameterArrayComponent_ClassVariable/src/testcase/AGT229_ParameterArrayComponent_ClassVariable.java	9	f1		@Mutable Object
/home/vagrant/immutability-benchmark/testcases/source/AGT/AGT229_ParameterArrayComponent_ClassVariable/src/testcase/AGT229_ParameterArrayComponent_ClassVariable.java	12	f2		@Polyread Object @Mutable []
/home/vagrant/immutability-benchmark/testcases/source/AGT/AGT229_ParameterArrayComponent_ClassVariable/src/testcase/AGT229_ParameterArrayComponent_ClassVariable.java	15	toString()-static		@Readonly
/home/vagrant/immutability-benchmark/testcases/source/AGT/AGT229_ParameterArrayComponent_ClassVariable/src/testcase/AGT229_ParameterArrayComponent_ClassVariable.java	15	toString()		@Readonly String () @Readonly AGT229_ParameterArrayComponent_ClassVariable
/home/vagrant/immutability-benchmark/testcases/source/AGT/AGT229_ParameterArrayComponent_ClassVariable/src/testcase/AGT229_ParameterArrayComponent_ClassVariable.java	21	foo(java.lang.Object[])-static		@Mutable
/home/vagrant/immutability-benchmark/testcases/source/AGT/AGT229_ParameterArrayComponent_ClassVariable/src/testcase/AGT229_ParameterArrayComponent_ClassVariable.java	21	foo(java.lang.Object[])		void ([@Polyread Object @Mutable []]) @Readonly AGT229_ParameterArrayComponent_ClassVariable
/home/vagrant/immutability-benchmark/testcases/source/AGT/AGT229_ParameterArrayComponent_ClassVariable/src/testcase/AGT229_ParameterArrayComponent_ClassVariable.java	21	p		@Polyread Object @Mutable []
/home/vagrant/immutability-benchmark/testcases/source/AGT/AGT229_ParameterArrayComponent_ClassVariable/src/testcase/AGT229_ParameterArrayComponent_ClassVariable.java	25	args		@Readonly String @Readonly []
/home/vagrant/immutability-benchmark/testcases/source/AGT/AGT229_ParameterArrayComponent_ClassVariable/src/testcase/AGT229_ParameterArrayComponent_ClassVariable.java	25	main(java.lang.String[])-static		@Mutable
/home/vagrant/immutability-benchmark/testcases/source/AGT/AGT229_ParameterArrayComponent_ClassVariable/src/testcase/AGT229_ParameterArrayComponent_ClassVariable.java	25	main(java.lang.String[])		void ([@Readonly String @Readonly []]) @Readonly AGT229_ParameterArrayComponent_ClassVariable
/home/vagrant/immutability-benchmark/testcases/source/AGT/AGT229_ParameterArrayComponent_ClassVariable/src/testcase/AGT229_ParameterArrayComponent_ClassVariable.java	26	test		@Mutable AGT229_ParameterArrayComponent_ClassVariable
INFO: There are 4 (44.444447%) readonly, 2 (22.222223%) polyread and 3 (33.333336%) mutable references out of 9 references
INFO: Total methods: 3 pure methods: 1(33.333332%)
