/home/vagrant/immutability-benchmark/testcases/source/AGT/AGT061_FloatLiteral_ObjectInstanceVariable/src/testcase/AGT061_FloatLiteral_ObjectInstanceVariable.java	5	testcase.AGT061_FloatLiteral_ObjectInstanceVariable		@Mutable AGT061_FloatLiteral_ObjectInstanceVariable
/home/vagrant/immutability-benchmark/testcases/source/AGT/AGT061_FloatLiteral_ObjectInstanceVariable/src/testcase/AGT061_FloatLiteral_ObjectInstanceVariable.java	7	f		@Readonly Object
/home/vagrant/immutability-benchmark/testcases/source/AGT/AGT061_FloatLiteral_ObjectInstanceVariable/src/testcase/AGT061_FloatLiteral_ObjectInstanceVariable.java	10	toString()-static		@Readonly
/home/vagrant/immutability-benchmark/testcases/source/AGT/AGT061_FloatLiteral_ObjectInstanceVariable/src/testcase/AGT061_FloatLiteral_ObjectInstanceVariable.java	10	toString()		@Readonly String () @Readonly AGT061_FloatLiteral_ObjectInstanceVariable
/home/vagrant/immutability-benchmark/testcases/source/AGT/AGT061_FloatLiteral_ObjectInstanceVariable/src/testcase/AGT061_FloatLiteral_ObjectInstanceVariable.java	15	args		@Readonly String @Readonly []
/home/vagrant/immutability-benchmark/testcases/source/AGT/AGT061_FloatLiteral_ObjectInstanceVariable/src/testcase/AGT061_FloatLiteral_ObjectInstanceVariable.java	15	main(java.lang.String[])-static		@Mutable
/home/vagrant/immutability-benchmark/testcases/source/AGT/AGT061_FloatLiteral_ObjectInstanceVariable/src/testcase/AGT061_FloatLiteral_ObjectInstanceVariable.java	15	main(java.lang.String[])		void ([@Readonly String @Readonly []]) @Readonly AGT061_FloatLiteral_ObjectInstanceVariable
/home/vagrant/immutability-benchmark/testcases/source/AGT/AGT061_FloatLiteral_ObjectInstanceVariable/src/testcase/AGT061_FloatLiteral_ObjectInstanceVariable.java	16	test		@Mutable AGT061_FloatLiteral_ObjectInstanceVariable
INFO: There are 4 (66.66667%) readonly, 0 (0.0%) polyread and 2 (33.333336%) mutable references out of 6 references
INFO: Total methods: 2 pure methods: 1(50.0%)
