/home/vagrant/immutability-benchmark/testcases/source/AGT/AGT061_FloatLiteral_ObjectInstanceVariable/src/testcase/AGT061_FloatLiteral_ObjectInstanceVariable.java	5	testcase.AGT061_FloatLiteral_ObjectInstanceVariable		@Mutable AGT061_FloatLiteral_ObjectInstanceVariable
/home/vagrant/immutability-benchmark/testcases/source/AGT/AGT061_FloatLiteral_ObjectInstanceVariable/src/testcase/AGT061_FloatLiteral_ObjectInstanceVariable.java	7	test		@Mutable Test
/home/vagrant/immutability-benchmark/testcases/source/AGT/AGT061_FloatLiteral_ObjectInstanceVariable/src/testcase/AGT061_FloatLiteral_ObjectInstanceVariable.java	10	args		@Readonly String @Readonly []
/home/vagrant/immutability-benchmark/testcases/source/AGT/AGT061_FloatLiteral_ObjectInstanceVariable/src/testcase/AGT061_FloatLiteral_ObjectInstanceVariable.java	10	main(java.lang.String[])-static		@Mutable
/home/vagrant/immutability-benchmark/testcases/source/AGT/AGT061_FloatLiteral_ObjectInstanceVariable/src/testcase/AGT061_FloatLiteral_ObjectInstanceVariable.java	10	main(java.lang.String[])		void ([@Readonly String @Readonly []]) @Readonly AGT061_FloatLiteral_ObjectInstanceVariable
/home/vagrant/immutability-benchmark/testcases/source/AGT/AGT061_FloatLiteral_ObjectInstanceVariable/src/testcase/AGT061_FloatLiteral_ObjectInstanceVariable.java	14	foo()-static		@Mutable
/home/vagrant/immutability-benchmark/testcases/source/AGT/AGT061_FloatLiteral_ObjectInstanceVariable/src/testcase/AGT061_FloatLiteral_ObjectInstanceVariable.java	14	foo()		void () @Mutable AGT061_FloatLiteral_ObjectInstanceVariable
/home/vagrant/immutability-benchmark/testcases/source/AGT/AGT061_FloatLiteral_ObjectInstanceVariable/src/testcase/AGT061_FloatLiteral_ObjectInstanceVariable.java	22	testcase.Test		@Mutable Test
/home/vagrant/immutability-benchmark/testcases/source/AGT/AGT061_FloatLiteral_ObjectInstanceVariable/src/testcase/AGT061_FloatLiteral_ObjectInstanceVariable.java	23	f		@Readonly Object
/home/vagrant/immutability-benchmark/testcases/source/AGT/AGT061_FloatLiteral_ObjectInstanceVariable/src/testcase/AGT061_FloatLiteral_ObjectInstanceVariable.java	25	toString()-static		@Readonly
/home/vagrant/immutability-benchmark/testcases/source/AGT/AGT061_FloatLiteral_ObjectInstanceVariable/src/testcase/AGT061_FloatLiteral_ObjectInstanceVariable.java	25	toString()		@Readonly String () @Readonly Test
INFO: There are 4 (50.0%) readonly, 1 (12.5%) polyread and 3 (37.5%) mutable references out of 8 references
INFO: Total methods: 3 pure methods: 1(33.333332%)
