/home/vagrant/immutability-benchmark/testcases/source/AGT/AGT222_ParameterArrayComponent_ParameterArrayComponent/src/testcase/AGT222_ParameterArrayComponent_ParameterArrayComponent.java	7	testcase.AGT222_ParameterArrayComponent_ParameterArrayComponent		@Mutable AGT222_ParameterArrayComponent_ParameterArrayComponent
/home/vagrant/immutability-benchmark/testcases/source/AGT/AGT222_ParameterArrayComponent_ParameterArrayComponent/src/testcase/AGT222_ParameterArrayComponent_ParameterArrayComponent.java	9	test		@Mutable Test
/home/vagrant/immutability-benchmark/testcases/source/AGT/AGT222_ParameterArrayComponent_ParameterArrayComponent/src/testcase/AGT222_ParameterArrayComponent_ParameterArrayComponent.java	12	args		@Readonly String @Readonly []
/home/vagrant/immutability-benchmark/testcases/source/AGT/AGT222_ParameterArrayComponent_ParameterArrayComponent/src/testcase/AGT222_ParameterArrayComponent_ParameterArrayComponent.java	12	main(java.lang.String[])-static		@Mutable
/home/vagrant/immutability-benchmark/testcases/source/AGT/AGT222_ParameterArrayComponent_ParameterArrayComponent/src/testcase/AGT222_ParameterArrayComponent_ParameterArrayComponent.java	12	main(java.lang.String[])		void ([@Readonly String @Readonly []]) @Readonly AGT222_ParameterArrayComponent_ParameterArrayComponent
/home/vagrant/immutability-benchmark/testcases/source/AGT/AGT222_ParameterArrayComponent_ParameterArrayComponent/src/testcase/AGT222_ParameterArrayComponent_ParameterArrayComponent.java	16	foo()-static		@Mutable
/home/vagrant/immutability-benchmark/testcases/source/AGT/AGT222_ParameterArrayComponent_ParameterArrayComponent/src/testcase/AGT222_ParameterArrayComponent_ParameterArrayComponent.java	16	foo()		void () @Mutable AGT222_ParameterArrayComponent_ParameterArrayComponent
/home/vagrant/immutability-benchmark/testcases/source/AGT/AGT222_ParameterArrayComponent_ParameterArrayComponent/src/testcase/AGT222_ParameterArrayComponent_ParameterArrayComponent.java	24	testcase.Test		@Mutable Test
/home/vagrant/immutability-benchmark/testcases/source/AGT/AGT222_ParameterArrayComponent_ParameterArrayComponent/src/testcase/AGT222_ParameterArrayComponent_ParameterArrayComponent.java	25	f		@Readonly Object @Mutable []
/home/vagrant/immutability-benchmark/testcases/source/AGT/AGT222_ParameterArrayComponent_ParameterArrayComponent/src/testcase/AGT222_ParameterArrayComponent_ParameterArrayComponent.java	27	bar(java.lang.Object[],java.lang.Object[])-static		@Readonly
/home/vagrant/immutability-benchmark/testcases/source/AGT/AGT222_ParameterArrayComponent_ParameterArrayComponent/src/testcase/AGT222_ParameterArrayComponent_ParameterArrayComponent.java	27	bar(java.lang.Object[],java.lang.Object[])		void ([@Readonly Object @Mutable [], @Readonly Object @Readonly []]) @Readonly Test
/home/vagrant/immutability-benchmark/testcases/source/AGT/AGT222_ParameterArrayComponent_ParameterArrayComponent/src/testcase/AGT222_ParameterArrayComponent_ParameterArrayComponent.java	27	p1		@Readonly Object @Mutable []
/home/vagrant/immutability-benchmark/testcases/source/AGT/AGT222_ParameterArrayComponent_ParameterArrayComponent/src/testcase/AGT222_ParameterArrayComponent_ParameterArrayComponent.java	27	p2		@Readonly Object @Readonly []
/home/vagrant/immutability-benchmark/testcases/source/AGT/AGT222_ParameterArrayComponent_ParameterArrayComponent/src/testcase/AGT222_ParameterArrayComponent_ParameterArrayComponent.java	31	toString()-static		@Readonly
/home/vagrant/immutability-benchmark/testcases/source/AGT/AGT222_ParameterArrayComponent_ParameterArrayComponent/src/testcase/AGT222_ParameterArrayComponent_ParameterArrayComponent.java	31	toString()		@Readonly String () @Readonly Test
INFO: There are 5 (45.454548%) readonly, 2 (18.181818%) polyread and 4 (36.363636%) mutable references out of 11 references
INFO: Total methods: 4 pure methods: 1(25.0%)
