/home/vagrant/immutability-benchmark/testcases/source/AGT/AGT048_IntLiteral_ParameterArrayComponent/src/testcase/AGT048_IntLiteral_ParameterArrayComponent.java	7	testcase.AGT048_IntLiteral_ParameterArrayComponent		@Mutable AGT048_IntLiteral_ParameterArrayComponent
/home/vagrant/immutability-benchmark/testcases/source/AGT/AGT048_IntLiteral_ParameterArrayComponent/src/testcase/AGT048_IntLiteral_ParameterArrayComponent.java	9	test		@Mutable Test
/home/vagrant/immutability-benchmark/testcases/source/AGT/AGT048_IntLiteral_ParameterArrayComponent/src/testcase/AGT048_IntLiteral_ParameterArrayComponent.java	12	args		@Readonly String @Readonly []
/home/vagrant/immutability-benchmark/testcases/source/AGT/AGT048_IntLiteral_ParameterArrayComponent/src/testcase/AGT048_IntLiteral_ParameterArrayComponent.java	12	main(java.lang.String[])-static		@Mutable
/home/vagrant/immutability-benchmark/testcases/source/AGT/AGT048_IntLiteral_ParameterArrayComponent/src/testcase/AGT048_IntLiteral_ParameterArrayComponent.java	12	main(java.lang.String[])		void ([@Readonly String @Readonly []]) @Readonly AGT048_IntLiteral_ParameterArrayComponent
/home/vagrant/immutability-benchmark/testcases/source/AGT/AGT048_IntLiteral_ParameterArrayComponent/src/testcase/AGT048_IntLiteral_ParameterArrayComponent.java	16	foo()-static		@Mutable
/home/vagrant/immutability-benchmark/testcases/source/AGT/AGT048_IntLiteral_ParameterArrayComponent/src/testcase/AGT048_IntLiteral_ParameterArrayComponent.java	16	foo()		void () @Mutable AGT048_IntLiteral_ParameterArrayComponent
/home/vagrant/immutability-benchmark/testcases/source/AGT/AGT048_IntLiteral_ParameterArrayComponent/src/testcase/AGT048_IntLiteral_ParameterArrayComponent.java	24	testcase.Test		@Mutable Test
/home/vagrant/immutability-benchmark/testcases/source/AGT/AGT048_IntLiteral_ParameterArrayComponent/src/testcase/AGT048_IntLiteral_ParameterArrayComponent.java	25	f		@Readonly Object @Mutable []
/home/vagrant/immutability-benchmark/testcases/source/AGT/AGT048_IntLiteral_ParameterArrayComponent/src/testcase/AGT048_IntLiteral_ParameterArrayComponent.java	27	bar(java.lang.Object[])-static		@Readonly
/home/vagrant/immutability-benchmark/testcases/source/AGT/AGT048_IntLiteral_ParameterArrayComponent/src/testcase/AGT048_IntLiteral_ParameterArrayComponent.java	27	bar(java.lang.Object[])		void ([@Readonly Object @Mutable []]) @Readonly Test
/home/vagrant/immutability-benchmark/testcases/source/AGT/AGT048_IntLiteral_ParameterArrayComponent/src/testcase/AGT048_IntLiteral_ParameterArrayComponent.java	27	p		@Readonly Object @Mutable []
/home/vagrant/immutability-benchmark/testcases/source/AGT/AGT048_IntLiteral_ParameterArrayComponent/src/testcase/AGT048_IntLiteral_ParameterArrayComponent.java	31	toString()-static		@Readonly
/home/vagrant/immutability-benchmark/testcases/source/AGT/AGT048_IntLiteral_ParameterArrayComponent/src/testcase/AGT048_IntLiteral_ParameterArrayComponent.java	31	toString()		@Readonly String () @Readonly Test
INFO: There are 4 (40.0%) readonly, 2 (20.0%) polyread and 4 (40.0%) mutable references out of 10 references
INFO: Total methods: 4 pure methods: 1(25.0%)
