/home/vagrant/immutability-benchmark/testcases/source/AGT/AGT208_DynamicDispatchReturn_ParameterArrayComponent/src/testcase/AGT208_DynamicDispatchReturn_ParameterArrayComponent.java	7	testcase.AGT208_DynamicDispatchReturn_ParameterArrayComponent		@Mutable AGT208_DynamicDispatchReturn_ParameterArrayComponent
/home/vagrant/immutability-benchmark/testcases/source/AGT/AGT208_DynamicDispatchReturn_ParameterArrayComponent/src/testcase/AGT208_DynamicDispatchReturn_ParameterArrayComponent.java	9	test		@Mutable Test
/home/vagrant/immutability-benchmark/testcases/source/AGT/AGT208_DynamicDispatchReturn_ParameterArrayComponent/src/testcase/AGT208_DynamicDispatchReturn_ParameterArrayComponent.java	12	args		@Readonly String @Readonly []
/home/vagrant/immutability-benchmark/testcases/source/AGT/AGT208_DynamicDispatchReturn_ParameterArrayComponent/src/testcase/AGT208_DynamicDispatchReturn_ParameterArrayComponent.java	12	main(java.lang.String[])-static		@Mutable
/home/vagrant/immutability-benchmark/testcases/source/AGT/AGT208_DynamicDispatchReturn_ParameterArrayComponent/src/testcase/AGT208_DynamicDispatchReturn_ParameterArrayComponent.java	12	main(java.lang.String[])		void ([@Readonly String @Readonly []]) @Readonly AGT208_DynamicDispatchReturn_ParameterArrayComponent
/home/vagrant/immutability-benchmark/testcases/source/AGT/AGT208_DynamicDispatchReturn_ParameterArrayComponent/src/testcase/AGT208_DynamicDispatchReturn_ParameterArrayComponent.java	16	foo()-static		@Mutable
/home/vagrant/immutability-benchmark/testcases/source/AGT/AGT208_DynamicDispatchReturn_ParameterArrayComponent/src/testcase/AGT208_DynamicDispatchReturn_ParameterArrayComponent.java	16	foo()		void () @Mutable AGT208_DynamicDispatchReturn_ParameterArrayComponent
/home/vagrant/immutability-benchmark/testcases/source/AGT/AGT208_DynamicDispatchReturn_ParameterArrayComponent/src/testcase/AGT208_DynamicDispatchReturn_ParameterArrayComponent.java	24	testcase.Test		@Mutable Test
/home/vagrant/immutability-benchmark/testcases/source/AGT/AGT208_DynamicDispatchReturn_ParameterArrayComponent/src/testcase/AGT208_DynamicDispatchReturn_ParameterArrayComponent.java	25	f		@Readonly Object @Mutable []
/home/vagrant/immutability-benchmark/testcases/source/AGT/AGT208_DynamicDispatchReturn_ParameterArrayComponent/src/testcase/AGT208_DynamicDispatchReturn_ParameterArrayComponent.java	27	bar(java.lang.Object[])-static		@Readonly
/home/vagrant/immutability-benchmark/testcases/source/AGT/AGT208_DynamicDispatchReturn_ParameterArrayComponent/src/testcase/AGT208_DynamicDispatchReturn_ParameterArrayComponent.java	27	bar(java.lang.Object[])		void ([@Readonly Object @Mutable []]) @Readonly Test
/home/vagrant/immutability-benchmark/testcases/source/AGT/AGT208_DynamicDispatchReturn_ParameterArrayComponent/src/testcase/AGT208_DynamicDispatchReturn_ParameterArrayComponent.java	27	p		@Readonly Object @Mutable []
/home/vagrant/immutability-benchmark/testcases/source/AGT/AGT208_DynamicDispatchReturn_ParameterArrayComponent/src/testcase/AGT208_DynamicDispatchReturn_ParameterArrayComponent.java	31	baz()-static		@Readonly
/home/vagrant/immutability-benchmark/testcases/source/AGT/AGT208_DynamicDispatchReturn_ParameterArrayComponent/src/testcase/AGT208_DynamicDispatchReturn_ParameterArrayComponent.java	31	baz()		@Readonly Object () @Readonly Test
/home/vagrant/immutability-benchmark/testcases/source/AGT/AGT208_DynamicDispatchReturn_ParameterArrayComponent/src/testcase/AGT208_DynamicDispatchReturn_ParameterArrayComponent.java	35	toString()-static		@Readonly
/home/vagrant/immutability-benchmark/testcases/source/AGT/AGT208_DynamicDispatchReturn_ParameterArrayComponent/src/testcase/AGT208_DynamicDispatchReturn_ParameterArrayComponent.java	35	toString()		@Readonly String () @Readonly Test
INFO: There are 6 (50.0%) readonly, 2 (16.666668%) polyread and 4 (33.333336%) mutable references out of 12 references
INFO: Total methods: 5 pure methods: 2(40.0%)
