/home/vagrant/immutability-benchmark/testcases/source/AGT/AGT230_ParameterArrayComponent_ClassVariableArrayComponent/src/testcase/AGT230_ParameterArrayComponent_ClassVariableArrayComponent.java	5	testcase.AGT230_ParameterArrayComponent_ClassVariableArrayComponent		@Mutable AGT230_ParameterArrayComponent_ClassVariableArrayComponent
/home/vagrant/immutability-benchmark/testcases/source/AGT/AGT230_ParameterArrayComponent_ClassVariableArrayComponent/src/testcase/AGT230_ParameterArrayComponent_ClassVariableArrayComponent.java	7	test		@Readonly Test
/home/vagrant/immutability-benchmark/testcases/source/AGT/AGT230_ParameterArrayComponent_ClassVariableArrayComponent/src/testcase/AGT230_ParameterArrayComponent_ClassVariableArrayComponent.java	10	args		@Readonly String @Readonly []
/home/vagrant/immutability-benchmark/testcases/source/AGT/AGT230_ParameterArrayComponent_ClassVariableArrayComponent/src/testcase/AGT230_ParameterArrayComponent_ClassVariableArrayComponent.java	10	main(java.lang.String[])-static		@Mutable
/home/vagrant/immutability-benchmark/testcases/source/AGT/AGT230_ParameterArrayComponent_ClassVariableArrayComponent/src/testcase/AGT230_ParameterArrayComponent_ClassVariableArrayComponent.java	10	main(java.lang.String[])		void ([@Readonly String @Readonly []]) @Readonly AGT230_ParameterArrayComponent_ClassVariableArrayComponent
/home/vagrant/immutability-benchmark/testcases/source/AGT/AGT230_ParameterArrayComponent_ClassVariableArrayComponent/src/testcase/AGT230_ParameterArrayComponent_ClassVariableArrayComponent.java	14	foo()-static		@Mutable
/home/vagrant/immutability-benchmark/testcases/source/AGT/AGT230_ParameterArrayComponent_ClassVariableArrayComponent/src/testcase/AGT230_ParameterArrayComponent_ClassVariableArrayComponent.java	14	foo()		void () @Readonly AGT230_ParameterArrayComponent_ClassVariableArrayComponent
/home/vagrant/immutability-benchmark/testcases/source/AGT/AGT230_ParameterArrayComponent_ClassVariableArrayComponent/src/testcase/AGT230_ParameterArrayComponent_ClassVariableArrayComponent.java	22	testcase.Test		@Readonly Test
/home/vagrant/immutability-benchmark/testcases/source/AGT/AGT230_ParameterArrayComponent_ClassVariableArrayComponent/src/testcase/AGT230_ParameterArrayComponent_ClassVariableArrayComponent.java	23	f		@Readonly Object @Mutable []
/home/vagrant/immutability-benchmark/testcases/source/AGT/AGT230_ParameterArrayComponent_ClassVariableArrayComponent/src/testcase/AGT230_ParameterArrayComponent_ClassVariableArrayComponent.java	25	bar(java.lang.Object[])-static		@Mutable
/home/vagrant/immutability-benchmark/testcases/source/AGT/AGT230_ParameterArrayComponent_ClassVariableArrayComponent/src/testcase/AGT230_ParameterArrayComponent_ClassVariableArrayComponent.java	25	bar(java.lang.Object[])		void ([@Readonly Object @Readonly []]) @Readonly Test
/home/vagrant/immutability-benchmark/testcases/source/AGT/AGT230_ParameterArrayComponent_ClassVariableArrayComponent/src/testcase/AGT230_ParameterArrayComponent_ClassVariableArrayComponent.java	25	p		@Readonly Object @Readonly []
/home/vagrant/immutability-benchmark/testcases/source/AGT/AGT230_ParameterArrayComponent_ClassVariableArrayComponent/src/testcase/AGT230_ParameterArrayComponent_ClassVariableArrayComponent.java	29	toString()-static		@Readonly
/home/vagrant/immutability-benchmark/testcases/source/AGT/AGT230_ParameterArrayComponent_ClassVariableArrayComponent/src/testcase/AGT230_ParameterArrayComponent_ClassVariableArrayComponent.java	29	toString()		@Readonly String () @Readonly Test
INFO: There are 8 (80.0%) readonly, 1 (10.0%) polyread and 1 (10.0%) mutable references out of 10 references
INFO: Total methods: 4 pure methods: 1(25.0%)
