/home/vagrant/immutability-benchmark/testcases/source/AGT/AGT203_DynamicDispatchReturn_ThisInstanceVariable/src/testcase/AGT203_DynamicDispatchReturn_ThisInstanceVariable.java	5	testcase.AGT203_DynamicDispatchReturn_ThisInstanceVariable		@Mutable AGT203_DynamicDispatchReturn_ThisInstanceVariable
/home/vagrant/immutability-benchmark/testcases/source/AGT/AGT203_DynamicDispatchReturn_ThisInstanceVariable/src/testcase/AGT203_DynamicDispatchReturn_ThisInstanceVariable.java	7	f		@Readonly Object
/home/vagrant/immutability-benchmark/testcases/source/AGT/AGT203_DynamicDispatchReturn_ThisInstanceVariable/src/testcase/AGT203_DynamicDispatchReturn_ThisInstanceVariable.java	10	toString()-static		@Readonly
/home/vagrant/immutability-benchmark/testcases/source/AGT/AGT203_DynamicDispatchReturn_ThisInstanceVariable/src/testcase/AGT203_DynamicDispatchReturn_ThisInstanceVariable.java	10	toString()		@Readonly String () @Readonly AGT203_DynamicDispatchReturn_ThisInstanceVariable
/home/vagrant/immutability-benchmark/testcases/source/AGT/AGT203_DynamicDispatchReturn_ThisInstanceVariable/src/testcase/AGT203_DynamicDispatchReturn_ThisInstanceVariable.java	15	foo()-static		@Mutable
/home/vagrant/immutability-benchmark/testcases/source/AGT/AGT203_DynamicDispatchReturn_ThisInstanceVariable/src/testcase/AGT203_DynamicDispatchReturn_ThisInstanceVariable.java	15	foo()		void () @Mutable AGT203_DynamicDispatchReturn_ThisInstanceVariable
/home/vagrant/immutability-benchmark/testcases/source/AGT/AGT203_DynamicDispatchReturn_ThisInstanceVariable/src/testcase/AGT203_DynamicDispatchReturn_ThisInstanceVariable.java	21	args		@Readonly String @Readonly []
/home/vagrant/immutability-benchmark/testcases/source/AGT/AGT203_DynamicDispatchReturn_ThisInstanceVariable/src/testcase/AGT203_DynamicDispatchReturn_ThisInstanceVariable.java	21	main(java.lang.String[])-static		@Mutable
/home/vagrant/immutability-benchmark/testcases/source/AGT/AGT203_DynamicDispatchReturn_ThisInstanceVariable/src/testcase/AGT203_DynamicDispatchReturn_ThisInstanceVariable.java	21	main(java.lang.String[])		void ([@Readonly String @Readonly []]) @Readonly AGT203_DynamicDispatchReturn_ThisInstanceVariable
/home/vagrant/immutability-benchmark/testcases/source/AGT/AGT203_DynamicDispatchReturn_ThisInstanceVariable/src/testcase/AGT203_DynamicDispatchReturn_ThisInstanceVariable.java	22	test		@Mutable AGT203_DynamicDispatchReturn_ThisInstanceVariable
/home/vagrant/immutability-benchmark/testcases/source/AGT/AGT203_DynamicDispatchReturn_ThisInstanceVariable/src/testcase/AGT203_DynamicDispatchReturn_ThisInstanceVariable.java	26	bar()-static		@Readonly
/home/vagrant/immutability-benchmark/testcases/source/AGT/AGT203_DynamicDispatchReturn_ThisInstanceVariable/src/testcase/AGT203_DynamicDispatchReturn_ThisInstanceVariable.java	26	bar()		@Readonly Object () @Readonly AGT203_DynamicDispatchReturn_ThisInstanceVariable
INFO: There are 6 (66.66667%) readonly, 0 (0.0%) polyread and 3 (33.333336%) mutable references out of 9 references
INFO: Total methods: 4 pure methods: 2(50.0%)
