/home/vagrant/immutability-benchmark/testcases/source/AGT/AGT203_DynamicDispatchReturn_ThisInstanceVariable/src/testcase/AGT203_DynamicDispatchReturn_ThisInstanceVariable.java	5	testcase.AGT203_DynamicDispatchReturn_ThisInstanceVariable		@Mutable AGT203_DynamicDispatchReturn_ThisInstanceVariable
/home/vagrant/immutability-benchmark/testcases/source/AGT/AGT203_DynamicDispatchReturn_ThisInstanceVariable/src/testcase/AGT203_DynamicDispatchReturn_ThisInstanceVariable.java	7	test		@Mutable AGT203_DynamicDispatchReturn_ThisInstanceVariable
/home/vagrant/immutability-benchmark/testcases/source/AGT/AGT203_DynamicDispatchReturn_ThisInstanceVariable/src/testcase/AGT203_DynamicDispatchReturn_ThisInstanceVariable.java	10	f		@Readonly Object
/home/vagrant/immutability-benchmark/testcases/source/AGT/AGT203_DynamicDispatchReturn_ThisInstanceVariable/src/testcase/AGT203_DynamicDispatchReturn_ThisInstanceVariable.java	12	toString()-static		@Readonly
/home/vagrant/immutability-benchmark/testcases/source/AGT/AGT203_DynamicDispatchReturn_ThisInstanceVariable/src/testcase/AGT203_DynamicDispatchReturn_ThisInstanceVariable.java	12	toString()		@Readonly String () @Readonly AGT203_DynamicDispatchReturn_ThisInstanceVariable
/home/vagrant/immutability-benchmark/testcases/source/AGT/AGT203_DynamicDispatchReturn_ThisInstanceVariable/src/testcase/AGT203_DynamicDispatchReturn_ThisInstanceVariable.java	17	bar()-static		@Readonly
/home/vagrant/immutability-benchmark/testcases/source/AGT/AGT203_DynamicDispatchReturn_ThisInstanceVariable/src/testcase/AGT203_DynamicDispatchReturn_ThisInstanceVariable.java	17	bar()		@Readonly Object () @Readonly AGT203_DynamicDispatchReturn_ThisInstanceVariable
/home/vagrant/immutability-benchmark/testcases/source/AGT/AGT203_DynamicDispatchReturn_ThisInstanceVariable/src/testcase/AGT203_DynamicDispatchReturn_ThisInstanceVariable.java	21	foo()-static		@Mutable
/home/vagrant/immutability-benchmark/testcases/source/AGT/AGT203_DynamicDispatchReturn_ThisInstanceVariable/src/testcase/AGT203_DynamicDispatchReturn_ThisInstanceVariable.java	21	foo()		void () @Mutable AGT203_DynamicDispatchReturn_ThisInstanceVariable
/home/vagrant/immutability-benchmark/testcases/source/AGT/AGT203_DynamicDispatchReturn_ThisInstanceVariable/src/testcase/AGT203_DynamicDispatchReturn_ThisInstanceVariable.java	27	args		@Readonly String @Readonly []
/home/vagrant/immutability-benchmark/testcases/source/AGT/AGT203_DynamicDispatchReturn_ThisInstanceVariable/src/testcase/AGT203_DynamicDispatchReturn_ThisInstanceVariable.java	27	main(java.lang.String[])-static		@Mutable
/home/vagrant/immutability-benchmark/testcases/source/AGT/AGT203_DynamicDispatchReturn_ThisInstanceVariable/src/testcase/AGT203_DynamicDispatchReturn_ThisInstanceVariable.java	27	main(java.lang.String[])		void ([@Readonly String @Readonly []]) @Readonly AGT203_DynamicDispatchReturn_ThisInstanceVariable
INFO: There are 6 (66.66667%) readonly, 1 (11.111112%) polyread and 2 (22.222223%) mutable references out of 9 references
INFO: Total methods: 4 pure methods: 2(50.0%)
