/home/vagrant/immutability-benchmark/testcases/source/AGT/AGT095_StringLiteral_ClassVariable/src/testcase/AGT095_StringLiteral_ClassVariable.java	5	testcase.AGT095_StringLiteral_ClassVariable		@Readonly AGT095_StringLiteral_ClassVariable
/home/vagrant/immutability-benchmark/testcases/source/AGT/AGT095_StringLiteral_ClassVariable/src/testcase/AGT095_StringLiteral_ClassVariable.java	7	f		@Mutable Object
/home/vagrant/immutability-benchmark/testcases/source/AGT/AGT095_StringLiteral_ClassVariable/src/testcase/AGT095_StringLiteral_ClassVariable.java	10	toString()-static		@Mutable
/home/vagrant/immutability-benchmark/testcases/source/AGT/AGT095_StringLiteral_ClassVariable/src/testcase/AGT095_StringLiteral_ClassVariable.java	10	toString()		@Readonly String () @Readonly AGT095_StringLiteral_ClassVariable
/home/vagrant/immutability-benchmark/testcases/source/AGT/AGT095_StringLiteral_ClassVariable/src/testcase/AGT095_StringLiteral_ClassVariable.java	15	args		@Readonly String @Readonly []
/home/vagrant/immutability-benchmark/testcases/source/AGT/AGT095_StringLiteral_ClassVariable/src/testcase/AGT095_StringLiteral_ClassVariable.java	15	main(java.lang.String[])-static		@Mutable
/home/vagrant/immutability-benchmark/testcases/source/AGT/AGT095_StringLiteral_ClassVariable/src/testcase/AGT095_StringLiteral_ClassVariable.java	15	main(java.lang.String[])		void ([@Readonly String @Readonly []]) @Readonly AGT095_StringLiteral_ClassVariable
/home/vagrant/immutability-benchmark/testcases/source/AGT/AGT095_StringLiteral_ClassVariable/src/testcase/AGT095_StringLiteral_ClassVariable.java	16	test		@Readonly AGT095_StringLiteral_ClassVariable
INFO: There are 5 (83.33333%) readonly, 1 (16.666668%) polyread and 0 (0.0%) mutable references out of 6 references
INFO: Total methods: 2 pure methods: 1(50.0%)
