/home/vagrant/immutability-benchmark/testcases/source/AGT/AGT211_Parameter_Parameter/src/testcase/AGT211_Parameter_Parameter.java	5	testcase.AGT211_Parameter_Parameter		@Mutable AGT211_Parameter_Parameter
/home/vagrant/immutability-benchmark/testcases/source/AGT/AGT211_Parameter_Parameter/src/testcase/AGT211_Parameter_Parameter.java	7	f1		@Readonly Object
/home/vagrant/immutability-benchmark/testcases/source/AGT/AGT211_Parameter_Parameter/src/testcase/AGT211_Parameter_Parameter.java	10	f2		@Readonly Object
/home/vagrant/immutability-benchmark/testcases/source/AGT/AGT211_Parameter_Parameter/src/testcase/AGT211_Parameter_Parameter.java	13	toString()-static		@Readonly
/home/vagrant/immutability-benchmark/testcases/source/AGT/AGT211_Parameter_Parameter/src/testcase/AGT211_Parameter_Parameter.java	13	toString()		@Readonly String () @Readonly AGT211_Parameter_Parameter
/home/vagrant/immutability-benchmark/testcases/source/AGT/AGT211_Parameter_Parameter/src/testcase/AGT211_Parameter_Parameter.java	18	foo(java.lang.Object,java.lang.Object)-static		@Readonly
/home/vagrant/immutability-benchmark/testcases/source/AGT/AGT211_Parameter_Parameter/src/testcase/AGT211_Parameter_Parameter.java	18	foo(java.lang.Object,java.lang.Object)		void ([@Readonly Object, @Readonly Object]) @Readonly AGT211_Parameter_Parameter
/home/vagrant/immutability-benchmark/testcases/source/AGT/AGT211_Parameter_Parameter/src/testcase/AGT211_Parameter_Parameter.java	18	p1		@Readonly Object
/home/vagrant/immutability-benchmark/testcases/source/AGT/AGT211_Parameter_Parameter/src/testcase/AGT211_Parameter_Parameter.java	18	p2		@Readonly Object
/home/vagrant/immutability-benchmark/testcases/source/AGT/AGT211_Parameter_Parameter/src/testcase/AGT211_Parameter_Parameter.java	22	args		@Readonly String @Readonly []
/home/vagrant/immutability-benchmark/testcases/source/AGT/AGT211_Parameter_Parameter/src/testcase/AGT211_Parameter_Parameter.java	22	main(java.lang.String[])-static		@Mutable
/home/vagrant/immutability-benchmark/testcases/source/AGT/AGT211_Parameter_Parameter/src/testcase/AGT211_Parameter_Parameter.java	22	main(java.lang.String[])		void ([@Readonly String @Readonly []]) @Readonly AGT211_Parameter_Parameter
/home/vagrant/immutability-benchmark/testcases/source/AGT/AGT211_Parameter_Parameter/src/testcase/AGT211_Parameter_Parameter.java	23	test		@Readonly AGT211_Parameter_Parameter
INFO: There are 9 (90.0%) readonly, 0 (0.0%) polyread and 1 (10.0%) mutable references out of 10 references
INFO: Total methods: 3 pure methods: 2(66.666664%)
