/home/vagrant/immutability-benchmark/testcases/source/ST/ST003_MultipleArrayComponents/src/testcase/ST003_MultipleArrayComponents.java	7	testcase.ST003_MultipleArrayComponents		@Mutable ST003_MultipleArrayComponents
/home/vagrant/immutability-benchmark/testcases/source/ST/ST003_MultipleArrayComponents/src/testcase/ST003_MultipleArrayComponents.java	9	test		@Mutable Test
/home/vagrant/immutability-benchmark/testcases/source/ST/ST003_MultipleArrayComponents/src/testcase/ST003_MultipleArrayComponents.java	12	args		@Readonly String @Readonly []
/home/vagrant/immutability-benchmark/testcases/source/ST/ST003_MultipleArrayComponents/src/testcase/ST003_MultipleArrayComponents.java	12	main(java.lang.String[])-static		@Mutable
/home/vagrant/immutability-benchmark/testcases/source/ST/ST003_MultipleArrayComponents/src/testcase/ST003_MultipleArrayComponents.java	12	main(java.lang.String[])		void ([@Readonly String @Readonly []]) @Readonly ST003_MultipleArrayComponents
/home/vagrant/immutability-benchmark/testcases/source/ST/ST003_MultipleArrayComponents/src/testcase/ST003_MultipleArrayComponents.java	16	foo()-static		@Mutable
/home/vagrant/immutability-benchmark/testcases/source/ST/ST003_MultipleArrayComponents/src/testcase/ST003_MultipleArrayComponents.java	16	foo()		void () @Mutable ST003_MultipleArrayComponents
/home/vagrant/immutability-benchmark/testcases/source/ST/ST003_MultipleArrayComponents/src/testcase/ST003_MultipleArrayComponents.java	24	testcase.Test		@Mutable Test
/home/vagrant/immutability-benchmark/testcases/source/ST/ST003_MultipleArrayComponents/src/testcase/ST003_MultipleArrayComponents.java	25	f		@Readonly Object @Mutable []
/home/vagrant/immutability-benchmark/testcases/source/ST/ST003_MultipleArrayComponents/src/testcase/ST003_MultipleArrayComponents.java	27	toString()-static		@Readonly
/home/vagrant/immutability-benchmark/testcases/source/ST/ST003_MultipleArrayComponents/src/testcase/ST003_MultipleArrayComponents.java	27	toString()		@Readonly String () @Readonly Test
INFO: There are 3 (37.5%) readonly, 2 (25.0%) polyread and 3 (37.5%) mutable references out of 8 references
INFO: Total methods: 3 pure methods: 1(33.333332%)
