/home/vagrant/immutability-benchmark/testcases/source/ST/ST_002/src/testcase/ST_002.java	5	testcase.ST_002		@Mutable ST_002
/home/vagrant/immutability-benchmark/testcases/source/ST/ST_002/src/testcase/ST_002.java	7	test		@Mutable Test
/home/vagrant/immutability-benchmark/testcases/source/ST/ST_002/src/testcase/ST_002.java	10	args		@Readonly String @Readonly []
/home/vagrant/immutability-benchmark/testcases/source/ST/ST_002/src/testcase/ST_002.java	10	main(java.lang.String[])-static		@Mutable
/home/vagrant/immutability-benchmark/testcases/source/ST/ST_002/src/testcase/ST_002.java	10	main(java.lang.String[])		void ([@Readonly String @Readonly []]) @Readonly ST_002
/home/vagrant/immutability-benchmark/testcases/source/ST/ST_002/src/testcase/ST_002.java	14	foo()-static		@Mutable
/home/vagrant/immutability-benchmark/testcases/source/ST/ST_002/src/testcase/ST_002.java	14	foo()		void () @Mutable ST_002
/home/vagrant/immutability-benchmark/testcases/source/ST/ST_002/src/testcase/ST_002.java	22	testcase.Test		@Mutable Test
/home/vagrant/immutability-benchmark/testcases/source/ST/ST_002/src/testcase/ST_002.java	23	f		@Readonly Object
/home/vagrant/immutability-benchmark/testcases/source/ST/ST_002/src/testcase/ST_002.java	25	getThis()-static		@Readonly
/home/vagrant/immutability-benchmark/testcases/source/ST/ST_002/src/testcase/ST_002.java	25	getThis()		@Readonly Test () @Readonly Test
/home/vagrant/immutability-benchmark/testcases/source/ST/ST_002/src/testcase/ST_002.java	29	toString()-static		@Readonly
/home/vagrant/immutability-benchmark/testcases/source/ST/ST_002/src/testcase/ST_002.java	29	toString()		@Readonly String () @Readonly Test
INFO: There are 6 (60.000004%) readonly, 1 (10.0%) polyread and 3 (30.000002%) mutable references out of 10 references
INFO: Total methods: 4 pure methods: 2(50.0%)
