/home/vagrant/immutability-benchmark/testcases/source/AGT/AGT231_ParameterInstanceVariable_Parameter/src/testcase/AGT231_ParameterInstanceVariable_Parameter.java	5	testcase.AGT231_ParameterInstanceVariable_Parameter		@Mutable AGT231_ParameterInstanceVariable_Parameter
/home/vagrant/immutability-benchmark/testcases/source/AGT/AGT231_ParameterInstanceVariable_Parameter/src/testcase/AGT231_ParameterInstanceVariable_Parameter.java	7	f1		@Readonly Object
/home/vagrant/immutability-benchmark/testcases/source/AGT/AGT231_ParameterInstanceVariable_Parameter/src/testcase/AGT231_ParameterInstanceVariable_Parameter.java	10	f2		@Readonly Object
/home/vagrant/immutability-benchmark/testcases/source/AGT/AGT231_ParameterInstanceVariable_Parameter/src/testcase/AGT231_ParameterInstanceVariable_Parameter.java	13	toString()-static		@Readonly
/home/vagrant/immutability-benchmark/testcases/source/AGT/AGT231_ParameterInstanceVariable_Parameter/src/testcase/AGT231_ParameterInstanceVariable_Parameter.java	13	toString()		@Readonly String () @Readonly AGT231_ParameterInstanceVariable_Parameter
/home/vagrant/immutability-benchmark/testcases/source/AGT/AGT231_ParameterInstanceVariable_Parameter/src/testcase/AGT231_ParameterInstanceVariable_Parameter.java	18	foo(java.lang.Object,testcase.AGT231_ParameterInstanceVariable_Parameter)-static		@Readonly
/home/vagrant/immutability-benchmark/testcases/source/AGT/AGT231_ParameterInstanceVariable_Parameter/src/testcase/AGT231_ParameterInstanceVariable_Parameter.java	18	foo(java.lang.Object,testcase.AGT231_ParameterInstanceVariable_Parameter)		void ([@Readonly Object, @Readonly AGT231_ParameterInstanceVariable_Parameter]) @Readonly AGT231_ParameterInstanceVariable_Parameter
/home/vagrant/immutability-benchmark/testcases/source/AGT/AGT231_ParameterInstanceVariable_Parameter/src/testcase/AGT231_ParameterInstanceVariable_Parameter.java	18	p1		@Readonly Object
/home/vagrant/immutability-benchmark/testcases/source/AGT/AGT231_ParameterInstanceVariable_Parameter/src/testcase/AGT231_ParameterInstanceVariable_Parameter.java	18	p2		@Readonly AGT231_ParameterInstanceVariable_Parameter
/home/vagrant/immutability-benchmark/testcases/source/AGT/AGT231_ParameterInstanceVariable_Parameter/src/testcase/AGT231_ParameterInstanceVariable_Parameter.java	22	args		@Readonly String @Readonly []
/home/vagrant/immutability-benchmark/testcases/source/AGT/AGT231_ParameterInstanceVariable_Parameter/src/testcase/AGT231_ParameterInstanceVariable_Parameter.java	22	main(java.lang.String[])-static		@Mutable
/home/vagrant/immutability-benchmark/testcases/source/AGT/AGT231_ParameterInstanceVariable_Parameter/src/testcase/AGT231_ParameterInstanceVariable_Parameter.java	22	main(java.lang.String[])		void ([@Readonly String @Readonly []]) @Readonly AGT231_ParameterInstanceVariable_Parameter
/home/vagrant/immutability-benchmark/testcases/source/AGT/AGT231_ParameterInstanceVariable_Parameter/src/testcase/AGT231_ParameterInstanceVariable_Parameter.java	23	test		@Readonly AGT231_ParameterInstanceVariable_Parameter
INFO: There are 9 (90.0%) readonly, 0 (0.0%) polyread and 1 (10.0%) mutable references out of 10 references
INFO: Total methods: 3 pure methods: 2(66.666664%)
