/home/vagrant/immutability-benchmark/testcases/source/AGT/AGT221_ParameterArrayComponent_Parameter/src/testcase/AGT221_ParameterArrayComponent_Parameter.java	5	testcase.AGT221_ParameterArrayComponent_Parameter		@Mutable AGT221_ParameterArrayComponent_Parameter
/home/vagrant/immutability-benchmark/testcases/source/AGT/AGT221_ParameterArrayComponent_Parameter/src/testcase/AGT221_ParameterArrayComponent_Parameter.java	7	test		@Readonly Test
/home/vagrant/immutability-benchmark/testcases/source/AGT/AGT221_ParameterArrayComponent_Parameter/src/testcase/AGT221_ParameterArrayComponent_Parameter.java	10	args		@Readonly String @Readonly []
/home/vagrant/immutability-benchmark/testcases/source/AGT/AGT221_ParameterArrayComponent_Parameter/src/testcase/AGT221_ParameterArrayComponent_Parameter.java	10	main(java.lang.String[])-static		@Mutable
/home/vagrant/immutability-benchmark/testcases/source/AGT/AGT221_ParameterArrayComponent_Parameter/src/testcase/AGT221_ParameterArrayComponent_Parameter.java	10	main(java.lang.String[])		void ([@Readonly String @Readonly []]) @Readonly AGT221_ParameterArrayComponent_Parameter
/home/vagrant/immutability-benchmark/testcases/source/AGT/AGT221_ParameterArrayComponent_Parameter/src/testcase/AGT221_ParameterArrayComponent_Parameter.java	14	foo()-static		@Mutable
/home/vagrant/immutability-benchmark/testcases/source/AGT/AGT221_ParameterArrayComponent_Parameter/src/testcase/AGT221_ParameterArrayComponent_Parameter.java	14	foo()		void () @Readonly AGT221_ParameterArrayComponent_Parameter
/home/vagrant/immutability-benchmark/testcases/source/AGT/AGT221_ParameterArrayComponent_Parameter/src/testcase/AGT221_ParameterArrayComponent_Parameter.java	22	testcase.Test		@Mutable Test
/home/vagrant/immutability-benchmark/testcases/source/AGT/AGT221_ParameterArrayComponent_Parameter/src/testcase/AGT221_ParameterArrayComponent_Parameter.java	23	f		@Readonly Object
/home/vagrant/immutability-benchmark/testcases/source/AGT/AGT221_ParameterArrayComponent_Parameter/src/testcase/AGT221_ParameterArrayComponent_Parameter.java	25	bar(java.lang.Object,java.lang.Object[])-static		@Readonly
/home/vagrant/immutability-benchmark/testcases/source/AGT/AGT221_ParameterArrayComponent_Parameter/src/testcase/AGT221_ParameterArrayComponent_Parameter.java	25	bar(java.lang.Object,java.lang.Object[])		void ([@Readonly Object, @Readonly Object @Readonly []]) @Readonly Test
/home/vagrant/immutability-benchmark/testcases/source/AGT/AGT221_ParameterArrayComponent_Parameter/src/testcase/AGT221_ParameterArrayComponent_Parameter.java	25	p1		@Readonly Object
/home/vagrant/immutability-benchmark/testcases/source/AGT/AGT221_ParameterArrayComponent_Parameter/src/testcase/AGT221_ParameterArrayComponent_Parameter.java	25	p2		@Readonly Object @Readonly []
/home/vagrant/immutability-benchmark/testcases/source/AGT/AGT221_ParameterArrayComponent_Parameter/src/testcase/AGT221_ParameterArrayComponent_Parameter.java	29	toString()-static		@Readonly
/home/vagrant/immutability-benchmark/testcases/source/AGT/AGT221_ParameterArrayComponent_Parameter/src/testcase/AGT221_ParameterArrayComponent_Parameter.java	29	toString()		@Readonly String () @Readonly Test
INFO: There are 9 (81.818184%) readonly, 0 (0.0%) polyread and 2 (18.181818%) mutable references out of 11 references
INFO: Total methods: 4 pure methods: 2(50.0%)
