/home/vagrant/immutability-benchmark/testcases/source/AGT/AGT221_ParameterArrayComponent_Parameter/src/testcase/AGT221_ParameterArrayComponent_Parameter.java	7	testcase.AGT221_ParameterArrayComponent_Parameter		@Mutable AGT221_ParameterArrayComponent_Parameter
/home/vagrant/immutability-benchmark/testcases/source/AGT/AGT221_ParameterArrayComponent_Parameter/src/testcase/AGT221_ParameterArrayComponent_Parameter.java	9	f1		@Readonly Object
/home/vagrant/immutability-benchmark/testcases/source/AGT/AGT221_ParameterArrayComponent_Parameter/src/testcase/AGT221_ParameterArrayComponent_Parameter.java	12	f2		@Readonly Object @Readonly []
/home/vagrant/immutability-benchmark/testcases/source/AGT/AGT221_ParameterArrayComponent_Parameter/src/testcase/AGT221_ParameterArrayComponent_Parameter.java	15	toString()-static		@Readonly
/home/vagrant/immutability-benchmark/testcases/source/AGT/AGT221_ParameterArrayComponent_Parameter/src/testcase/AGT221_ParameterArrayComponent_Parameter.java	15	toString()		@Readonly String () @Readonly AGT221_ParameterArrayComponent_Parameter
/home/vagrant/immutability-benchmark/testcases/source/AGT/AGT221_ParameterArrayComponent_Parameter/src/testcase/AGT221_ParameterArrayComponent_Parameter.java	20	foo(java.lang.Object,java.lang.Object[])-static		@Readonly
/home/vagrant/immutability-benchmark/testcases/source/AGT/AGT221_ParameterArrayComponent_Parameter/src/testcase/AGT221_ParameterArrayComponent_Parameter.java	20	foo(java.lang.Object,java.lang.Object[])		void ([@Readonly Object, @Readonly Object @Readonly []]) @Readonly AGT221_ParameterArrayComponent_Parameter
/home/vagrant/immutability-benchmark/testcases/source/AGT/AGT221_ParameterArrayComponent_Parameter/src/testcase/AGT221_ParameterArrayComponent_Parameter.java	20	p1		@Readonly Object
/home/vagrant/immutability-benchmark/testcases/source/AGT/AGT221_ParameterArrayComponent_Parameter/src/testcase/AGT221_ParameterArrayComponent_Parameter.java	20	p2		@Readonly Object @Readonly []
/home/vagrant/immutability-benchmark/testcases/source/AGT/AGT221_ParameterArrayComponent_Parameter/src/testcase/AGT221_ParameterArrayComponent_Parameter.java	24	args		@Readonly String @Readonly []
/home/vagrant/immutability-benchmark/testcases/source/AGT/AGT221_ParameterArrayComponent_Parameter/src/testcase/AGT221_ParameterArrayComponent_Parameter.java	24	main(java.lang.String[])-static		@Mutable
/home/vagrant/immutability-benchmark/testcases/source/AGT/AGT221_ParameterArrayComponent_Parameter/src/testcase/AGT221_ParameterArrayComponent_Parameter.java	24	main(java.lang.String[])		void ([@Readonly String @Readonly []]) @Readonly AGT221_ParameterArrayComponent_Parameter
/home/vagrant/immutability-benchmark/testcases/source/AGT/AGT221_ParameterArrayComponent_Parameter/src/testcase/AGT221_ParameterArrayComponent_Parameter.java	25	test		@Readonly AGT221_ParameterArrayComponent_Parameter
INFO: There are 9 (90.0%) readonly, 0 (0.0%) polyread and 1 (10.0%) mutable references out of 10 references
INFO: Total methods: 3 pure methods: 2(66.666664%)
