/home/vagrant/immutability-benchmark/testcases/source/AGT/AGT124_Enum_ThisInstanceVariableArrayComponent/src/testcase/AGT124_Enum_ThisInstanceVariableArrayComponent.java	7	E		@Mutable AGT124_Enum_ThisInstanceVariableArrayComponent
/home/vagrant/immutability-benchmark/testcases/source/AGT/AGT124_Enum_ThisInstanceVariableArrayComponent/src/testcase/AGT124_Enum_ThisInstanceVariableArrayComponent.java	9	test		@Mutable AGT124_Enum_ThisInstanceVariableArrayComponent
/home/vagrant/immutability-benchmark/testcases/source/AGT/AGT124_Enum_ThisInstanceVariableArrayComponent/src/testcase/AGT124_Enum_ThisInstanceVariableArrayComponent.java	12	f		@Readonly Object @Mutable []
/home/vagrant/immutability-benchmark/testcases/source/AGT/AGT124_Enum_ThisInstanceVariableArrayComponent/src/testcase/AGT124_Enum_ThisInstanceVariableArrayComponent.java	14	toString()-static		@Readonly
/home/vagrant/immutability-benchmark/testcases/source/AGT/AGT124_Enum_ThisInstanceVariableArrayComponent/src/testcase/AGT124_Enum_ThisInstanceVariableArrayComponent.java	14	toString()		@Readonly String () @Readonly AGT124_Enum_ThisInstanceVariableArrayComponent
/home/vagrant/immutability-benchmark/testcases/source/AGT/AGT124_Enum_ThisInstanceVariableArrayComponent/src/testcase/AGT124_Enum_ThisInstanceVariableArrayComponent.java	17	result		@Readonly String
/home/vagrant/immutability-benchmark/testcases/source/AGT/AGT124_Enum_ThisInstanceVariableArrayComponent/src/testcase/AGT124_Enum_ThisInstanceVariableArrayComponent.java	18	prefix		@Readonly String
/home/vagrant/immutability-benchmark/testcases/source/AGT/AGT124_Enum_ThisInstanceVariableArrayComponent/src/testcase/AGT124_Enum_ThisInstanceVariableArrayComponent.java	19	o		@Readonly Object
/home/vagrant/immutability-benchmark/testcases/source/AGT/AGT124_Enum_ThisInstanceVariableArrayComponent/src/testcase/AGT124_Enum_ThisInstanceVariableArrayComponent.java	27	foo()-static		@Mutable
/home/vagrant/immutability-benchmark/testcases/source/AGT/AGT124_Enum_ThisInstanceVariableArrayComponent/src/testcase/AGT124_Enum_ThisInstanceVariableArrayComponent.java	27	foo()		void () @Mutable AGT124_Enum_ThisInstanceVariableArrayComponent
/home/vagrant/immutability-benchmark/testcases/source/AGT/AGT124_Enum_ThisInstanceVariableArrayComponent/src/testcase/AGT124_Enum_ThisInstanceVariableArrayComponent.java	33	args		@Readonly String @Readonly []
/home/vagrant/immutability-benchmark/testcases/source/AGT/AGT124_Enum_ThisInstanceVariableArrayComponent/src/testcase/AGT124_Enum_ThisInstanceVariableArrayComponent.java	33	main(java.lang.String[])-static		@Mutable
/home/vagrant/immutability-benchmark/testcases/source/AGT/AGT124_Enum_ThisInstanceVariableArrayComponent/src/testcase/AGT124_Enum_ThisInstanceVariableArrayComponent.java	33	main(java.lang.String[])		void ([@Readonly String @Readonly []]) @Readonly AGT124_Enum_ThisInstanceVariableArrayComponent
INFO: There are 6 (60.000004%) readonly, 2 (20.0%) polyread and 2 (20.0%) mutable references out of 10 references
INFO: Total methods: 3 pure methods: 1(33.333332%)
