/home/vagrant/immutability-benchmark/testcases/source/AGT/AGT124_Enum_ThisInstanceVariableArrayComponent/src/testcase/AGT124_Enum_ThisInstanceVariableArrayComponent.java	9	A		@Mutable AGT124_Enum_ThisInstanceVariableArrayComponent
/home/vagrant/immutability-benchmark/testcases/source/AGT/AGT124_Enum_ThisInstanceVariableArrayComponent/src/testcase/AGT124_Enum_ThisInstanceVariableArrayComponent.java	9	B		@Mutable AGT124_Enum_ThisInstanceVariableArrayComponent
/home/vagrant/immutability-benchmark/testcases/source/AGT/AGT124_Enum_ThisInstanceVariableArrayComponent/src/testcase/AGT124_Enum_ThisInstanceVariableArrayComponent.java	11	f		@Readonly Object @Mutable []
/home/vagrant/immutability-benchmark/testcases/source/AGT/AGT124_Enum_ThisInstanceVariableArrayComponent/src/testcase/AGT124_Enum_ThisInstanceVariableArrayComponent.java	14	toString()-static		@Readonly
/home/vagrant/immutability-benchmark/testcases/source/AGT/AGT124_Enum_ThisInstanceVariableArrayComponent/src/testcase/AGT124_Enum_ThisInstanceVariableArrayComponent.java	14	toString()		@Readonly String () @Readonly AGT124_Enum_ThisInstanceVariableArrayComponent
/home/vagrant/immutability-benchmark/testcases/source/AGT/AGT124_Enum_ThisInstanceVariableArrayComponent/src/testcase/AGT124_Enum_ThisInstanceVariableArrayComponent.java	19	foo()-static		@Mutable
/home/vagrant/immutability-benchmark/testcases/source/AGT/AGT124_Enum_ThisInstanceVariableArrayComponent/src/testcase/AGT124_Enum_ThisInstanceVariableArrayComponent.java	19	foo()		void () @Mutable AGT124_Enum_ThisInstanceVariableArrayComponent
/home/vagrant/immutability-benchmark/testcases/source/AGT/AGT124_Enum_ThisInstanceVariableArrayComponent/src/testcase/AGT124_Enum_ThisInstanceVariableArrayComponent.java	25	args		@Readonly String @Readonly []
/home/vagrant/immutability-benchmark/testcases/source/AGT/AGT124_Enum_ThisInstanceVariableArrayComponent/src/testcase/AGT124_Enum_ThisInstanceVariableArrayComponent.java	25	main(java.lang.String[])-static		@Mutable
/home/vagrant/immutability-benchmark/testcases/source/AGT/AGT124_Enum_ThisInstanceVariableArrayComponent/src/testcase/AGT124_Enum_ThisInstanceVariableArrayComponent.java	25	main(java.lang.String[])		void ([@Readonly String @Readonly []]) @Readonly AGT124_Enum_ThisInstanceVariableArrayComponent
/home/vagrant/immutability-benchmark/testcases/source/AGT/AGT124_Enum_ThisInstanceVariableArrayComponent/src/testcase/AGT124_Enum_ThisInstanceVariableArrayComponent.java	26	test		@Mutable AGT124_Enum_ThisInstanceVariableArrayComponent
INFO: There are 3 (37.5%) readonly, 1 (12.5%) polyread and 4 (50.0%) mutable references out of 8 references
INFO: Total methods: 3 pure methods: 1(33.333332%)
