/home/vagrant/immutability-benchmark/testcases/source/AGT/AGT189_ClassVariableArrayComponent_ParameterInstanceVariable/src/testcase/AGT189_ClassVariableArrayComponent_ParameterInstanceVariable.java	8	testcase.AGT189_ClassVariableArrayComponent_ParameterInstanceVariable		@Mutable AGT189_ClassVariableArrayComponent_ParameterInstanceVariable
/home/vagrant/immutability-benchmark/testcases/source/AGT/AGT189_ClassVariableArrayComponent_ParameterInstanceVariable/src/testcase/AGT189_ClassVariableArrayComponent_ParameterInstanceVariable.java	10	f1		@Readonly Object
/home/vagrant/immutability-benchmark/testcases/source/AGT/AGT189_ClassVariableArrayComponent_ParameterInstanceVariable/src/testcase/AGT189_ClassVariableArrayComponent_ParameterInstanceVariable.java	13	f2		@Readonly Object @Readonly []
/home/vagrant/immutability-benchmark/testcases/source/AGT/AGT189_ClassVariableArrayComponent_ParameterInstanceVariable/src/testcase/AGT189_ClassVariableArrayComponent_ParameterInstanceVariable.java	16	toString()-static		@Readonly
/home/vagrant/immutability-benchmark/testcases/source/AGT/AGT189_ClassVariableArrayComponent_ParameterInstanceVariable/src/testcase/AGT189_ClassVariableArrayComponent_ParameterInstanceVariable.java	16	toString()		@Readonly String () @Readonly AGT189_ClassVariableArrayComponent_ParameterInstanceVariable
/home/vagrant/immutability-benchmark/testcases/source/AGT/AGT189_ClassVariableArrayComponent_ParameterInstanceVariable/src/testcase/AGT189_ClassVariableArrayComponent_ParameterInstanceVariable.java	21	args		@Readonly String @Readonly []
/home/vagrant/immutability-benchmark/testcases/source/AGT/AGT189_ClassVariableArrayComponent_ParameterInstanceVariable/src/testcase/AGT189_ClassVariableArrayComponent_ParameterInstanceVariable.java	21	main(java.lang.String[])-static		@Mutable
/home/vagrant/immutability-benchmark/testcases/source/AGT/AGT189_ClassVariableArrayComponent_ParameterInstanceVariable/src/testcase/AGT189_ClassVariableArrayComponent_ParameterInstanceVariable.java	21	main(java.lang.String[])		void ([@Readonly String @Readonly []]) @Readonly AGT189_ClassVariableArrayComponent_ParameterInstanceVariable
/home/vagrant/immutability-benchmark/testcases/source/AGT/AGT189_ClassVariableArrayComponent_ParameterInstanceVariable/src/testcase/AGT189_ClassVariableArrayComponent_ParameterInstanceVariable.java	22	a		@Mutable AGT189_ClassVariableArrayComponent_ParameterInstanceVariable
/home/vagrant/immutability-benchmark/testcases/source/AGT/AGT189_ClassVariableArrayComponent_ParameterInstanceVariable/src/testcase/AGT189_ClassVariableArrayComponent_ParameterInstanceVariable.java	28	foo(testcase.AGT189_ClassVariableArrayComponent_ParameterInstanceVariable)-static		@Readonly
/home/vagrant/immutability-benchmark/testcases/source/AGT/AGT189_ClassVariableArrayComponent_ParameterInstanceVariable/src/testcase/AGT189_ClassVariableArrayComponent_ParameterInstanceVariable.java	28	foo(testcase.AGT189_ClassVariableArrayComponent_ParameterInstanceVariable)		void ([@Mutable AGT189_ClassVariableArrayComponent_ParameterInstanceVariable]) @Readonly AGT189_ClassVariableArrayComponent_ParameterInstanceVariable
/home/vagrant/immutability-benchmark/testcases/source/AGT/AGT189_ClassVariableArrayComponent_ParameterInstanceVariable/src/testcase/AGT189_ClassVariableArrayComponent_ParameterInstanceVariable.java	28	p		@Mutable AGT189_ClassVariableArrayComponent_ParameterInstanceVariable
INFO: There are 6 (66.66667%) readonly, 0 (0.0%) polyread and 3 (33.333336%) mutable references out of 9 references
INFO: Total methods: 3 pure methods: 1(33.333332%)
