/home/vagrant/immutability-benchmark/testcases/source/AGT/AGT207_DynamicDispatchReturn_Parameter/src/testcase/AGT207_DynamicDispatchReturn_Parameter.java	5	testcase.AGT207_DynamicDispatchReturn_Parameter		@Mutable AGT207_DynamicDispatchReturn_Parameter
/home/vagrant/immutability-benchmark/testcases/source/AGT/AGT207_DynamicDispatchReturn_Parameter/src/testcase/AGT207_DynamicDispatchReturn_Parameter.java	7	test		@Readonly Test
/home/vagrant/immutability-benchmark/testcases/source/AGT/AGT207_DynamicDispatchReturn_Parameter/src/testcase/AGT207_DynamicDispatchReturn_Parameter.java	10	args		@Readonly String @Readonly []
/home/vagrant/immutability-benchmark/testcases/source/AGT/AGT207_DynamicDispatchReturn_Parameter/src/testcase/AGT207_DynamicDispatchReturn_Parameter.java	10	main(java.lang.String[])-static		@Mutable
/home/vagrant/immutability-benchmark/testcases/source/AGT/AGT207_DynamicDispatchReturn_Parameter/src/testcase/AGT207_DynamicDispatchReturn_Parameter.java	10	main(java.lang.String[])		void ([@Readonly String @Readonly []]) @Readonly AGT207_DynamicDispatchReturn_Parameter
/home/vagrant/immutability-benchmark/testcases/source/AGT/AGT207_DynamicDispatchReturn_Parameter/src/testcase/AGT207_DynamicDispatchReturn_Parameter.java	14	foo()-static		@Mutable
/home/vagrant/immutability-benchmark/testcases/source/AGT/AGT207_DynamicDispatchReturn_Parameter/src/testcase/AGT207_DynamicDispatchReturn_Parameter.java	14	foo()		void () @Readonly AGT207_DynamicDispatchReturn_Parameter
/home/vagrant/immutability-benchmark/testcases/source/AGT/AGT207_DynamicDispatchReturn_Parameter/src/testcase/AGT207_DynamicDispatchReturn_Parameter.java	22	testcase.Test		@Mutable Test
/home/vagrant/immutability-benchmark/testcases/source/AGT/AGT207_DynamicDispatchReturn_Parameter/src/testcase/AGT207_DynamicDispatchReturn_Parameter.java	23	f		@Readonly Object
/home/vagrant/immutability-benchmark/testcases/source/AGT/AGT207_DynamicDispatchReturn_Parameter/src/testcase/AGT207_DynamicDispatchReturn_Parameter.java	25	bar(java.lang.Object)-static		@Readonly
/home/vagrant/immutability-benchmark/testcases/source/AGT/AGT207_DynamicDispatchReturn_Parameter/src/testcase/AGT207_DynamicDispatchReturn_Parameter.java	25	bar(java.lang.Object)		void ([@Readonly Object]) @Readonly Test
/home/vagrant/immutability-benchmark/testcases/source/AGT/AGT207_DynamicDispatchReturn_Parameter/src/testcase/AGT207_DynamicDispatchReturn_Parameter.java	25	p		@Readonly Object
/home/vagrant/immutability-benchmark/testcases/source/AGT/AGT207_DynamicDispatchReturn_Parameter/src/testcase/AGT207_DynamicDispatchReturn_Parameter.java	29	baz()-static		@Readonly
/home/vagrant/immutability-benchmark/testcases/source/AGT/AGT207_DynamicDispatchReturn_Parameter/src/testcase/AGT207_DynamicDispatchReturn_Parameter.java	29	baz()		@Readonly Object () @Readonly Test
/home/vagrant/immutability-benchmark/testcases/source/AGT/AGT207_DynamicDispatchReturn_Parameter/src/testcase/AGT207_DynamicDispatchReturn_Parameter.java	33	toString()-static		@Readonly
/home/vagrant/immutability-benchmark/testcases/source/AGT/AGT207_DynamicDispatchReturn_Parameter/src/testcase/AGT207_DynamicDispatchReturn_Parameter.java	33	toString()		@Readonly String () @Readonly Test
INFO: There are 10 (83.33333%) readonly, 0 (0.0%) polyread and 2 (16.666668%) mutable references out of 12 references
INFO: Total methods: 5 pure methods: 3(60.0%)
