/home/vagrant/immutability-benchmark/testcases/source/AGT/AGT171_ClassVariable_ObjectInstanceVariable/src/testcase/AGT171_ClassVariable_ObjectInstanceVariable.java	5	testcase.AGT171_ClassVariable_ObjectInstanceVariable		@Mutable AGT171_ClassVariable_ObjectInstanceVariable
/home/vagrant/immutability-benchmark/testcases/source/AGT/AGT171_ClassVariable_ObjectInstanceVariable/src/testcase/AGT171_ClassVariable_ObjectInstanceVariable.java	7	test		@Mutable Test
/home/vagrant/immutability-benchmark/testcases/source/AGT/AGT171_ClassVariable_ObjectInstanceVariable/src/testcase/AGT171_ClassVariable_ObjectInstanceVariable.java	10	f		@Mutable Object
/home/vagrant/immutability-benchmark/testcases/source/AGT/AGT171_ClassVariable_ObjectInstanceVariable/src/testcase/AGT171_ClassVariable_ObjectInstanceVariable.java	12	args		@Readonly String @Readonly []
/home/vagrant/immutability-benchmark/testcases/source/AGT/AGT171_ClassVariable_ObjectInstanceVariable/src/testcase/AGT171_ClassVariable_ObjectInstanceVariable.java	12	main(java.lang.String[])-static		@Mutable
/home/vagrant/immutability-benchmark/testcases/source/AGT/AGT171_ClassVariable_ObjectInstanceVariable/src/testcase/AGT171_ClassVariable_ObjectInstanceVariable.java	12	main(java.lang.String[])		void ([@Readonly String @Readonly []]) @Readonly AGT171_ClassVariable_ObjectInstanceVariable
/home/vagrant/immutability-benchmark/testcases/source/AGT/AGT171_ClassVariable_ObjectInstanceVariable/src/testcase/AGT171_ClassVariable_ObjectInstanceVariable.java	16	foo()-static		@Mutable
/home/vagrant/immutability-benchmark/testcases/source/AGT/AGT171_ClassVariable_ObjectInstanceVariable/src/testcase/AGT171_ClassVariable_ObjectInstanceVariable.java	16	foo()		void () @Mutable AGT171_ClassVariable_ObjectInstanceVariable
/home/vagrant/immutability-benchmark/testcases/source/AGT/AGT171_ClassVariable_ObjectInstanceVariable/src/testcase/AGT171_ClassVariable_ObjectInstanceVariable.java	24	testcase.Test		@Mutable Test
/home/vagrant/immutability-benchmark/testcases/source/AGT/AGT171_ClassVariable_ObjectInstanceVariable/src/testcase/AGT171_ClassVariable_ObjectInstanceVariable.java	25	f		@Readonly Object
/home/vagrant/immutability-benchmark/testcases/source/AGT/AGT171_ClassVariable_ObjectInstanceVariable/src/testcase/AGT171_ClassVariable_ObjectInstanceVariable.java	27	toString()-static		@Readonly
/home/vagrant/immutability-benchmark/testcases/source/AGT/AGT171_ClassVariable_ObjectInstanceVariable/src/testcase/AGT171_ClassVariable_ObjectInstanceVariable.java	27	toString()		@Readonly String () @Readonly Test
INFO: There are 4 (44.444447%) readonly, 2 (22.222223%) polyread and 3 (33.333336%) mutable references out of 9 references
INFO: Total methods: 3 pure methods: 1(33.333332%)
