/home/vagrant/immutability-benchmark/testcases/source/AGT/AGT171_ClassVariable_ObjectInstanceVariable/src/testcase/AGT171_ClassVariable_ObjectInstanceVariable.java	5	testcase.AGT171_ClassVariable_ObjectInstanceVariable		@Mutable AGT171_ClassVariable_ObjectInstanceVariable
/home/vagrant/immutability-benchmark/testcases/source/AGT/AGT171_ClassVariable_ObjectInstanceVariable/src/testcase/AGT171_ClassVariable_ObjectInstanceVariable.java	7	f1		@Readonly Object
/home/vagrant/immutability-benchmark/testcases/source/AGT/AGT171_ClassVariable_ObjectInstanceVariable/src/testcase/AGT171_ClassVariable_ObjectInstanceVariable.java	10	f2		@Mutable Object
/home/vagrant/immutability-benchmark/testcases/source/AGT/AGT171_ClassVariable_ObjectInstanceVariable/src/testcase/AGT171_ClassVariable_ObjectInstanceVariable.java	13	toString()-static		@Mutable
/home/vagrant/immutability-benchmark/testcases/source/AGT/AGT171_ClassVariable_ObjectInstanceVariable/src/testcase/AGT171_ClassVariable_ObjectInstanceVariable.java	13	toString()		@Readonly String () @Readonly AGT171_ClassVariable_ObjectInstanceVariable
/home/vagrant/immutability-benchmark/testcases/source/AGT/AGT171_ClassVariable_ObjectInstanceVariable/src/testcase/AGT171_ClassVariable_ObjectInstanceVariable.java	18	args		@Readonly String @Readonly []
/home/vagrant/immutability-benchmark/testcases/source/AGT/AGT171_ClassVariable_ObjectInstanceVariable/src/testcase/AGT171_ClassVariable_ObjectInstanceVariable.java	18	main(java.lang.String[])-static		@Mutable
/home/vagrant/immutability-benchmark/testcases/source/AGT/AGT171_ClassVariable_ObjectInstanceVariable/src/testcase/AGT171_ClassVariable_ObjectInstanceVariable.java	18	main(java.lang.String[])		void ([@Readonly String @Readonly []]) @Readonly AGT171_ClassVariable_ObjectInstanceVariable
/home/vagrant/immutability-benchmark/testcases/source/AGT/AGT171_ClassVariable_ObjectInstanceVariable/src/testcase/AGT171_ClassVariable_ObjectInstanceVariable.java	19	a		@Mutable AGT171_ClassVariable_ObjectInstanceVariable
INFO: There are 4 (57.14286%) readonly, 1 (14.285715%) polyread and 2 (28.57143%) mutable references out of 7 references
INFO: Total methods: 2 pure methods: 1(50.0%)
