/home/vagrant/immutability-benchmark/testcases/source/AGT/AGT018_ByteLiteral_ParameterArrayComponent/src/testcase/AGT018_ByteLiteral_ParameterArrayComponent.java	7	testcase.AGT018_ByteLiteral_ParameterArrayComponent		@Mutable AGT018_ByteLiteral_ParameterArrayComponent
/home/vagrant/immutability-benchmark/testcases/source/AGT/AGT018_ByteLiteral_ParameterArrayComponent/src/testcase/AGT018_ByteLiteral_ParameterArrayComponent.java	9	f		@Readonly Object @Mutable []
/home/vagrant/immutability-benchmark/testcases/source/AGT/AGT018_ByteLiteral_ParameterArrayComponent/src/testcase/AGT018_ByteLiteral_ParameterArrayComponent.java	12	toString()-static		@Readonly
/home/vagrant/immutability-benchmark/testcases/source/AGT/AGT018_ByteLiteral_ParameterArrayComponent/src/testcase/AGT018_ByteLiteral_ParameterArrayComponent.java	12	toString()		@Readonly String () @Readonly AGT018_ByteLiteral_ParameterArrayComponent
/home/vagrant/immutability-benchmark/testcases/source/AGT/AGT018_ByteLiteral_ParameterArrayComponent/src/testcase/AGT018_ByteLiteral_ParameterArrayComponent.java	17	args		@Readonly String @Readonly []
/home/vagrant/immutability-benchmark/testcases/source/AGT/AGT018_ByteLiteral_ParameterArrayComponent/src/testcase/AGT018_ByteLiteral_ParameterArrayComponent.java	17	main(java.lang.String[])-static		@Mutable
/home/vagrant/immutability-benchmark/testcases/source/AGT/AGT018_ByteLiteral_ParameterArrayComponent/src/testcase/AGT018_ByteLiteral_ParameterArrayComponent.java	17	main(java.lang.String[])		void ([@Readonly String @Readonly []]) @Readonly AGT018_ByteLiteral_ParameterArrayComponent
/home/vagrant/immutability-benchmark/testcases/source/AGT/AGT018_ByteLiteral_ParameterArrayComponent/src/testcase/AGT018_ByteLiteral_ParameterArrayComponent.java	18	test		@Mutable AGT018_ByteLiteral_ParameterArrayComponent
/home/vagrant/immutability-benchmark/testcases/source/AGT/AGT018_ByteLiteral_ParameterArrayComponent/src/testcase/AGT018_ByteLiteral_ParameterArrayComponent.java	24	foo(java.lang.Object[])-static		@Readonly
/home/vagrant/immutability-benchmark/testcases/source/AGT/AGT018_ByteLiteral_ParameterArrayComponent/src/testcase/AGT018_ByteLiteral_ParameterArrayComponent.java	24	foo(java.lang.Object[])		void ([@Readonly Object @Mutable []]) @Readonly AGT018_ByteLiteral_ParameterArrayComponent
/home/vagrant/immutability-benchmark/testcases/source/AGT/AGT018_ByteLiteral_ParameterArrayComponent/src/testcase/AGT018_ByteLiteral_ParameterArrayComponent.java	24	p		@Readonly Object @Mutable []
INFO: There are 4 (50.0%) readonly, 1 (12.5%) polyread and 3 (37.5%) mutable references out of 8 references
INFO: Total methods: 3 pure methods: 1(33.333332%)
