/home/vagrant/immutability-benchmark/testcases/source/AGT/AGT158_ThisInstanceVariable_ParameterArrayComponent/src/testcase/AGT158_ThisInstanceVariable_ParameterArrayComponent.java	7	testcase.AGT158_ThisInstanceVariable_ParameterArrayComponent		@Mutable AGT158_ThisInstanceVariable_ParameterArrayComponent
/home/vagrant/immutability-benchmark/testcases/source/AGT/AGT158_ThisInstanceVariable_ParameterArrayComponent/src/testcase/AGT158_ThisInstanceVariable_ParameterArrayComponent.java	9	test		@Mutable Test
/home/vagrant/immutability-benchmark/testcases/source/AGT/AGT158_ThisInstanceVariable_ParameterArrayComponent/src/testcase/AGT158_ThisInstanceVariable_ParameterArrayComponent.java	12	args		@Readonly String @Readonly []
/home/vagrant/immutability-benchmark/testcases/source/AGT/AGT158_ThisInstanceVariable_ParameterArrayComponent/src/testcase/AGT158_ThisInstanceVariable_ParameterArrayComponent.java	12	main(java.lang.String[])-static		@Mutable
/home/vagrant/immutability-benchmark/testcases/source/AGT/AGT158_ThisInstanceVariable_ParameterArrayComponent/src/testcase/AGT158_ThisInstanceVariable_ParameterArrayComponent.java	12	main(java.lang.String[])		void ([@Readonly String @Readonly []]) @Readonly AGT158_ThisInstanceVariable_ParameterArrayComponent
/home/vagrant/immutability-benchmark/testcases/source/AGT/AGT158_ThisInstanceVariable_ParameterArrayComponent/src/testcase/AGT158_ThisInstanceVariable_ParameterArrayComponent.java	16	foo()-static		@Mutable
/home/vagrant/immutability-benchmark/testcases/source/AGT/AGT158_ThisInstanceVariable_ParameterArrayComponent/src/testcase/AGT158_ThisInstanceVariable_ParameterArrayComponent.java	16	foo()		void () @Mutable AGT158_ThisInstanceVariable_ParameterArrayComponent
/home/vagrant/immutability-benchmark/testcases/source/AGT/AGT158_ThisInstanceVariable_ParameterArrayComponent/src/testcase/AGT158_ThisInstanceVariable_ParameterArrayComponent.java	24	testcase.Test		@Mutable Test
/home/vagrant/immutability-benchmark/testcases/source/AGT/AGT158_ThisInstanceVariable_ParameterArrayComponent/src/testcase/AGT158_ThisInstanceVariable_ParameterArrayComponent.java	25	f1		@Readonly Object @Mutable []
/home/vagrant/immutability-benchmark/testcases/source/AGT/AGT158_ThisInstanceVariable_ParameterArrayComponent/src/testcase/AGT158_ThisInstanceVariable_ParameterArrayComponent.java	26	f2		@Readonly Object
/home/vagrant/immutability-benchmark/testcases/source/AGT/AGT158_ThisInstanceVariable_ParameterArrayComponent/src/testcase/AGT158_ThisInstanceVariable_ParameterArrayComponent.java	28	bar(java.lang.Object[])-static		@Readonly
/home/vagrant/immutability-benchmark/testcases/source/AGT/AGT158_ThisInstanceVariable_ParameterArrayComponent/src/testcase/AGT158_ThisInstanceVariable_ParameterArrayComponent.java	28	bar(java.lang.Object[])		void ([@Readonly Object @Mutable []]) @Readonly Test
/home/vagrant/immutability-benchmark/testcases/source/AGT/AGT158_ThisInstanceVariable_ParameterArrayComponent/src/testcase/AGT158_ThisInstanceVariable_ParameterArrayComponent.java	28	p		@Readonly Object @Mutable []
/home/vagrant/immutability-benchmark/testcases/source/AGT/AGT158_ThisInstanceVariable_ParameterArrayComponent/src/testcase/AGT158_ThisInstanceVariable_ParameterArrayComponent.java	32	toString()-static		@Readonly
/home/vagrant/immutability-benchmark/testcases/source/AGT/AGT158_ThisInstanceVariable_ParameterArrayComponent/src/testcase/AGT158_ThisInstanceVariable_ParameterArrayComponent.java	32	toString()		@Readonly String () @Readonly Test
INFO: There are 5 (45.454548%) readonly, 2 (18.181818%) polyread and 4 (36.363636%) mutable references out of 11 references
INFO: Total methods: 4 pure methods: 1(25.0%)
