/home/vagrant/immutability-benchmark/testcases/source/AGT/AGT218_Parameter_ThisInstanceVariableArrayComponent/src/testcase/AGT218_Parameter_ThisInstanceVariableArrayComponent.java	7	testcase.AGT218_Parameter_ThisInstanceVariableArrayComponent		@Mutable AGT218_Parameter_ThisInstanceVariableArrayComponent
/home/vagrant/immutability-benchmark/testcases/source/AGT/AGT218_Parameter_ThisInstanceVariableArrayComponent/src/testcase/AGT218_Parameter_ThisInstanceVariableArrayComponent.java	9	test		@Mutable Test
/home/vagrant/immutability-benchmark/testcases/source/AGT/AGT218_Parameter_ThisInstanceVariableArrayComponent/src/testcase/AGT218_Parameter_ThisInstanceVariableArrayComponent.java	12	args		@Readonly String @Readonly []
/home/vagrant/immutability-benchmark/testcases/source/AGT/AGT218_Parameter_ThisInstanceVariableArrayComponent/src/testcase/AGT218_Parameter_ThisInstanceVariableArrayComponent.java	12	main(java.lang.String[])-static		@Mutable
/home/vagrant/immutability-benchmark/testcases/source/AGT/AGT218_Parameter_ThisInstanceVariableArrayComponent/src/testcase/AGT218_Parameter_ThisInstanceVariableArrayComponent.java	12	main(java.lang.String[])		void ([@Readonly String @Readonly []]) @Readonly AGT218_Parameter_ThisInstanceVariableArrayComponent
/home/vagrant/immutability-benchmark/testcases/source/AGT/AGT218_Parameter_ThisInstanceVariableArrayComponent/src/testcase/AGT218_Parameter_ThisInstanceVariableArrayComponent.java	16	foo()-static		@Mutable
/home/vagrant/immutability-benchmark/testcases/source/AGT/AGT218_Parameter_ThisInstanceVariableArrayComponent/src/testcase/AGT218_Parameter_ThisInstanceVariableArrayComponent.java	16	foo()		void () @Mutable AGT218_Parameter_ThisInstanceVariableArrayComponent
/home/vagrant/immutability-benchmark/testcases/source/AGT/AGT218_Parameter_ThisInstanceVariableArrayComponent/src/testcase/AGT218_Parameter_ThisInstanceVariableArrayComponent.java	24	testcase.Test		@Mutable Test
/home/vagrant/immutability-benchmark/testcases/source/AGT/AGT218_Parameter_ThisInstanceVariableArrayComponent/src/testcase/AGT218_Parameter_ThisInstanceVariableArrayComponent.java	25	f		@Readonly Object @Mutable []
/home/vagrant/immutability-benchmark/testcases/source/AGT/AGT218_Parameter_ThisInstanceVariableArrayComponent/src/testcase/AGT218_Parameter_ThisInstanceVariableArrayComponent.java	27	bar(java.lang.Object)-static		@Readonly
/home/vagrant/immutability-benchmark/testcases/source/AGT/AGT218_Parameter_ThisInstanceVariableArrayComponent/src/testcase/AGT218_Parameter_ThisInstanceVariableArrayComponent.java	27	bar(java.lang.Object)		void ([@Readonly Object]) @Mutable Test
/home/vagrant/immutability-benchmark/testcases/source/AGT/AGT218_Parameter_ThisInstanceVariableArrayComponent/src/testcase/AGT218_Parameter_ThisInstanceVariableArrayComponent.java	27	p		@Readonly Object
/home/vagrant/immutability-benchmark/testcases/source/AGT/AGT218_Parameter_ThisInstanceVariableArrayComponent/src/testcase/AGT218_Parameter_ThisInstanceVariableArrayComponent.java	31	toString()-static		@Readonly
/home/vagrant/immutability-benchmark/testcases/source/AGT/AGT218_Parameter_ThisInstanceVariableArrayComponent/src/testcase/AGT218_Parameter_ThisInstanceVariableArrayComponent.java	31	toString()		@Readonly String () @Readonly Test
INFO: There are 4 (40.0%) readonly, 2 (20.0%) polyread and 4 (40.0%) mutable references out of 10 references
INFO: Total methods: 4 pure methods: 1(25.0%)
