/home/vagrant/immutability-benchmark/testcases/source/AGT/AGT218_Parameter_ThisInstanceVariableArrayComponent/src/testcase/AGT218_Parameter_ThisInstanceVariableArrayComponent.java	7	testcase.AGT218_Parameter_ThisInstanceVariableArrayComponent		@Mutable AGT218_Parameter_ThisInstanceVariableArrayComponent
/home/vagrant/immutability-benchmark/testcases/source/AGT/AGT218_Parameter_ThisInstanceVariableArrayComponent/src/testcase/AGT218_Parameter_ThisInstanceVariableArrayComponent.java	9	f		@Readonly Object @Mutable []
/home/vagrant/immutability-benchmark/testcases/source/AGT/AGT218_Parameter_ThisInstanceVariableArrayComponent/src/testcase/AGT218_Parameter_ThisInstanceVariableArrayComponent.java	12	toString()-static		@Readonly
/home/vagrant/immutability-benchmark/testcases/source/AGT/AGT218_Parameter_ThisInstanceVariableArrayComponent/src/testcase/AGT218_Parameter_ThisInstanceVariableArrayComponent.java	12	toString()		@Readonly String () @Readonly AGT218_Parameter_ThisInstanceVariableArrayComponent
/home/vagrant/immutability-benchmark/testcases/source/AGT/AGT218_Parameter_ThisInstanceVariableArrayComponent/src/testcase/AGT218_Parameter_ThisInstanceVariableArrayComponent.java	17	foo(java.lang.Object)-static		@Readonly
/home/vagrant/immutability-benchmark/testcases/source/AGT/AGT218_Parameter_ThisInstanceVariableArrayComponent/src/testcase/AGT218_Parameter_ThisInstanceVariableArrayComponent.java	17	foo(java.lang.Object)		void ([@Readonly Object]) @Mutable AGT218_Parameter_ThisInstanceVariableArrayComponent
/home/vagrant/immutability-benchmark/testcases/source/AGT/AGT218_Parameter_ThisInstanceVariableArrayComponent/src/testcase/AGT218_Parameter_ThisInstanceVariableArrayComponent.java	17	p		@Readonly Object
/home/vagrant/immutability-benchmark/testcases/source/AGT/AGT218_Parameter_ThisInstanceVariableArrayComponent/src/testcase/AGT218_Parameter_ThisInstanceVariableArrayComponent.java	21	args		@Readonly String @Readonly []
/home/vagrant/immutability-benchmark/testcases/source/AGT/AGT218_Parameter_ThisInstanceVariableArrayComponent/src/testcase/AGT218_Parameter_ThisInstanceVariableArrayComponent.java	21	main(java.lang.String[])-static		@Mutable
/home/vagrant/immutability-benchmark/testcases/source/AGT/AGT218_Parameter_ThisInstanceVariableArrayComponent/src/testcase/AGT218_Parameter_ThisInstanceVariableArrayComponent.java	21	main(java.lang.String[])		void ([@Readonly String @Readonly []]) @Readonly AGT218_Parameter_ThisInstanceVariableArrayComponent
/home/vagrant/immutability-benchmark/testcases/source/AGT/AGT218_Parameter_ThisInstanceVariableArrayComponent/src/testcase/AGT218_Parameter_ThisInstanceVariableArrayComponent.java	22	test		@Mutable AGT218_Parameter_ThisInstanceVariableArrayComponent
INFO: There are 4 (50.0%) readonly, 1 (12.5%) polyread and 3 (37.5%) mutable references out of 8 references
INFO: Total methods: 3 pure methods: 1(33.333332%)
