/home/vagrant/immutability-benchmark/testcases/source/AGT/AGT155_ThisInstanceVariable_ClassVariable/src/testcase/AGT155_ThisInstanceVariable_ClassVariable.java	5	testcase.AGT155_ThisInstanceVariable_ClassVariable		@Mutable AGT155_ThisInstanceVariable_ClassVariable
/home/vagrant/immutability-benchmark/testcases/source/AGT/AGT155_ThisInstanceVariable_ClassVariable/src/testcase/AGT155_ThisInstanceVariable_ClassVariable.java	7	test		@Readonly Test
/home/vagrant/immutability-benchmark/testcases/source/AGT/AGT155_ThisInstanceVariable_ClassVariable/src/testcase/AGT155_ThisInstanceVariable_ClassVariable.java	10	f		@Mutable Object
/home/vagrant/immutability-benchmark/testcases/source/AGT/AGT155_ThisInstanceVariable_ClassVariable/src/testcase/AGT155_ThisInstanceVariable_ClassVariable.java	12	args		@Readonly String @Readonly []
/home/vagrant/immutability-benchmark/testcases/source/AGT/AGT155_ThisInstanceVariable_ClassVariable/src/testcase/AGT155_ThisInstanceVariable_ClassVariable.java	12	main(java.lang.String[])-static		@Mutable
/home/vagrant/immutability-benchmark/testcases/source/AGT/AGT155_ThisInstanceVariable_ClassVariable/src/testcase/AGT155_ThisInstanceVariable_ClassVariable.java	12	main(java.lang.String[])		void ([@Readonly String @Readonly []]) @Readonly AGT155_ThisInstanceVariable_ClassVariable
/home/vagrant/immutability-benchmark/testcases/source/AGT/AGT155_ThisInstanceVariable_ClassVariable/src/testcase/AGT155_ThisInstanceVariable_ClassVariable.java	16	foo()-static		@Mutable
/home/vagrant/immutability-benchmark/testcases/source/AGT/AGT155_ThisInstanceVariable_ClassVariable/src/testcase/AGT155_ThisInstanceVariable_ClassVariable.java	16	foo()		void () @Mutable AGT155_ThisInstanceVariable_ClassVariable
/home/vagrant/immutability-benchmark/testcases/source/AGT/AGT155_ThisInstanceVariable_ClassVariable/src/testcase/AGT155_ThisInstanceVariable_ClassVariable.java	24	testcase.Test		@Readonly Test
/home/vagrant/immutability-benchmark/testcases/source/AGT/AGT155_ThisInstanceVariable_ClassVariable/src/testcase/AGT155_ThisInstanceVariable_ClassVariable.java	25	f		@Mutable Object
/home/vagrant/immutability-benchmark/testcases/source/AGT/AGT155_ThisInstanceVariable_ClassVariable/src/testcase/AGT155_ThisInstanceVariable_ClassVariable.java	27	toString()-static		@Readonly
/home/vagrant/immutability-benchmark/testcases/source/AGT/AGT155_ThisInstanceVariable_ClassVariable/src/testcase/AGT155_ThisInstanceVariable_ClassVariable.java	27	toString()		@Readonly String () @Readonly Test
INFO: There are 5 (55.555557%) readonly, 2 (22.222223%) polyread and 2 (22.222223%) mutable references out of 9 references
INFO: Total methods: 3 pure methods: 1(33.333332%)
