/home/vagrant/immutability-benchmark/testcases/source/AGT/AGT155_ThisInstanceVariable_ClassVariable/src/testcase/AGT155_ThisInstanceVariable_ClassVariable.java	6	testcase.AGT155_ThisInstanceVariable_ClassVariable		@Mutable AGT155_ThisInstanceVariable_ClassVariable
/home/vagrant/immutability-benchmark/testcases/source/AGT/AGT155_ThisInstanceVariable_ClassVariable/src/testcase/AGT155_ThisInstanceVariable_ClassVariable.java	8	f1		@Mutable Object
/home/vagrant/immutability-benchmark/testcases/source/AGT/AGT155_ThisInstanceVariable_ClassVariable/src/testcase/AGT155_ThisInstanceVariable_ClassVariable.java	11	f2		@Mutable Object
/home/vagrant/immutability-benchmark/testcases/source/AGT/AGT155_ThisInstanceVariable_ClassVariable/src/testcase/AGT155_ThisInstanceVariable_ClassVariable.java	14	toString()-static		@Mutable
/home/vagrant/immutability-benchmark/testcases/source/AGT/AGT155_ThisInstanceVariable_ClassVariable/src/testcase/AGT155_ThisInstanceVariable_ClassVariable.java	14	toString()		@Readonly String () @Readonly AGT155_ThisInstanceVariable_ClassVariable
/home/vagrant/immutability-benchmark/testcases/source/AGT/AGT155_ThisInstanceVariable_ClassVariable/src/testcase/AGT155_ThisInstanceVariable_ClassVariable.java	19	args		@Readonly String @Readonly []
/home/vagrant/immutability-benchmark/testcases/source/AGT/AGT155_ThisInstanceVariable_ClassVariable/src/testcase/AGT155_ThisInstanceVariable_ClassVariable.java	19	main(java.lang.String[])-static		@Mutable
/home/vagrant/immutability-benchmark/testcases/source/AGT/AGT155_ThisInstanceVariable_ClassVariable/src/testcase/AGT155_ThisInstanceVariable_ClassVariable.java	19	main(java.lang.String[])		void ([@Readonly String @Readonly []]) @Readonly AGT155_ThisInstanceVariable_ClassVariable
/home/vagrant/immutability-benchmark/testcases/source/AGT/AGT155_ThisInstanceVariable_ClassVariable/src/testcase/AGT155_ThisInstanceVariable_ClassVariable.java	20	a		@Mutable AGT155_ThisInstanceVariable_ClassVariable
/home/vagrant/immutability-benchmark/testcases/source/AGT/AGT155_ThisInstanceVariable_ClassVariable/src/testcase/AGT155_ThisInstanceVariable_ClassVariable.java	26	foo()-static		@Mutable
/home/vagrant/immutability-benchmark/testcases/source/AGT/AGT155_ThisInstanceVariable_ClassVariable/src/testcase/AGT155_ThisInstanceVariable_ClassVariable.java	26	foo()		void () @Mutable AGT155_ThisInstanceVariable_ClassVariable
INFO: There are 3 (37.5%) readonly, 2 (25.0%) polyread and 3 (37.5%) mutable references out of 8 references
INFO: Total methods: 3 pure methods: 1(33.333332%)
