/home/vagrant/immutability-benchmark/testcases/source/AGT/AGT126_Enum_ClassVariableArrayComponent/src/testcase/AGT126_Enum_ClassVariableArrayComponent.java	5	testcase.AGT126_Enum_ClassVariableArrayComponent		@Mutable AGT126_Enum_ClassVariableArrayComponent
/home/vagrant/immutability-benchmark/testcases/source/AGT/AGT126_Enum_ClassVariableArrayComponent/src/testcase/AGT126_Enum_ClassVariableArrayComponent.java	7	test		@Readonly Test
/home/vagrant/immutability-benchmark/testcases/source/AGT/AGT126_Enum_ClassVariableArrayComponent/src/testcase/AGT126_Enum_ClassVariableArrayComponent.java	10	args		@Readonly String @Readonly []
/home/vagrant/immutability-benchmark/testcases/source/AGT/AGT126_Enum_ClassVariableArrayComponent/src/testcase/AGT126_Enum_ClassVariableArrayComponent.java	10	main(java.lang.String[])-static		@Mutable
/home/vagrant/immutability-benchmark/testcases/source/AGT/AGT126_Enum_ClassVariableArrayComponent/src/testcase/AGT126_Enum_ClassVariableArrayComponent.java	10	main(java.lang.String[])		void ([@Readonly String @Readonly []]) @Readonly AGT126_Enum_ClassVariableArrayComponent
/home/vagrant/immutability-benchmark/testcases/source/AGT/AGT126_Enum_ClassVariableArrayComponent/src/testcase/AGT126_Enum_ClassVariableArrayComponent.java	14	foo()-static		@Mutable
/home/vagrant/immutability-benchmark/testcases/source/AGT/AGT126_Enum_ClassVariableArrayComponent/src/testcase/AGT126_Enum_ClassVariableArrayComponent.java	14	foo()		void () @Readonly AGT126_Enum_ClassVariableArrayComponent
/home/vagrant/immutability-benchmark/testcases/source/AGT/AGT126_Enum_ClassVariableArrayComponent/src/testcase/AGT126_Enum_ClassVariableArrayComponent.java	23	E		@Mutable Enum
/home/vagrant/immutability-benchmark/testcases/source/AGT/AGT126_Enum_ClassVariableArrayComponent/src/testcase/AGT126_Enum_ClassVariableArrayComponent.java	26	testcase.Test		@Readonly Test
/home/vagrant/immutability-benchmark/testcases/source/AGT/AGT126_Enum_ClassVariableArrayComponent/src/testcase/AGT126_Enum_ClassVariableArrayComponent.java	27	f		@Readonly Object @Mutable []
/home/vagrant/immutability-benchmark/testcases/source/AGT/AGT126_Enum_ClassVariableArrayComponent/src/testcase/AGT126_Enum_ClassVariableArrayComponent.java	29	toString()-static		@Readonly
/home/vagrant/immutability-benchmark/testcases/source/AGT/AGT126_Enum_ClassVariableArrayComponent/src/testcase/AGT126_Enum_ClassVariableArrayComponent.java	29	toString()		@Readonly String () @Readonly Test
INFO: There are 6 (66.66667%) readonly, 1 (11.111112%) polyread and 2 (22.222223%) mutable references out of 9 references
INFO: Total methods: 3 pure methods: 1(33.333332%)
