/home/vagrant/immutability-benchmark/testcases/source/AGT/AGT159_ThisInstanceVariable_ParameterInstanceVariable/src/testcase/AGT159_ThisInstanceVariable_ParameterInstanceVariable.java	5	testcase.AGT159_ThisInstanceVariable_ParameterInstanceVariable		@Mutable AGT159_ThisInstanceVariable_ParameterInstanceVariable
/home/vagrant/immutability-benchmark/testcases/source/AGT/AGT159_ThisInstanceVariable_ParameterInstanceVariable/src/testcase/AGT159_ThisInstanceVariable_ParameterInstanceVariable.java	7	test		@Mutable Test
/home/vagrant/immutability-benchmark/testcases/source/AGT/AGT159_ThisInstanceVariable_ParameterInstanceVariable/src/testcase/AGT159_ThisInstanceVariable_ParameterInstanceVariable.java	10	args		@Readonly String @Readonly []
/home/vagrant/immutability-benchmark/testcases/source/AGT/AGT159_ThisInstanceVariable_ParameterInstanceVariable/src/testcase/AGT159_ThisInstanceVariable_ParameterInstanceVariable.java	10	main(java.lang.String[])-static		@Mutable
/home/vagrant/immutability-benchmark/testcases/source/AGT/AGT159_ThisInstanceVariable_ParameterInstanceVariable/src/testcase/AGT159_ThisInstanceVariable_ParameterInstanceVariable.java	10	main(java.lang.String[])		void ([@Readonly String @Readonly []]) @Readonly AGT159_ThisInstanceVariable_ParameterInstanceVariable
/home/vagrant/immutability-benchmark/testcases/source/AGT/AGT159_ThisInstanceVariable_ParameterInstanceVariable/src/testcase/AGT159_ThisInstanceVariable_ParameterInstanceVariable.java	14	foo()-static		@Mutable
/home/vagrant/immutability-benchmark/testcases/source/AGT/AGT159_ThisInstanceVariable_ParameterInstanceVariable/src/testcase/AGT159_ThisInstanceVariable_ParameterInstanceVariable.java	14	foo()		void () @Mutable AGT159_ThisInstanceVariable_ParameterInstanceVariable
/home/vagrant/immutability-benchmark/testcases/source/AGT/AGT159_ThisInstanceVariable_ParameterInstanceVariable/src/testcase/AGT159_ThisInstanceVariable_ParameterInstanceVariable.java	21	testcase.Test		@Mutable Test
/home/vagrant/immutability-benchmark/testcases/source/AGT/AGT159_ThisInstanceVariable_ParameterInstanceVariable/src/testcase/AGT159_ThisInstanceVariable_ParameterInstanceVariable.java	22	f1		@Readonly Object
/home/vagrant/immutability-benchmark/testcases/source/AGT/AGT159_ThisInstanceVariable_ParameterInstanceVariable/src/testcase/AGT159_ThisInstanceVariable_ParameterInstanceVariable.java	23	f2		@Readonly Object
/home/vagrant/immutability-benchmark/testcases/source/AGT/AGT159_ThisInstanceVariable_ParameterInstanceVariable/src/testcase/AGT159_ThisInstanceVariable_ParameterInstanceVariable.java	25	bar(testcase.Test)-static		@Readonly
/home/vagrant/immutability-benchmark/testcases/source/AGT/AGT159_ThisInstanceVariable_ParameterInstanceVariable/src/testcase/AGT159_ThisInstanceVariable_ParameterInstanceVariable.java	25	bar(testcase.Test)		void ([@Mutable Test]) @Readonly Test
/home/vagrant/immutability-benchmark/testcases/source/AGT/AGT159_ThisInstanceVariable_ParameterInstanceVariable/src/testcase/AGT159_ThisInstanceVariable_ParameterInstanceVariable.java	25	p		@Mutable Test
/home/vagrant/immutability-benchmark/testcases/source/AGT/AGT159_ThisInstanceVariable_ParameterInstanceVariable/src/testcase/AGT159_ThisInstanceVariable_ParameterInstanceVariable.java	29	toString()-static		@Readonly
/home/vagrant/immutability-benchmark/testcases/source/AGT/AGT159_ThisInstanceVariable_ParameterInstanceVariable/src/testcase/AGT159_ThisInstanceVariable_ParameterInstanceVariable.java	29	toString()		@Readonly String () @Readonly Test
INFO: There are 6 (54.545456%) readonly, 1 (9.090909%) polyread and 4 (36.363636%) mutable references out of 11 references
INFO: Total methods: 4 pure methods: 1(25.0%)
