/home/vagrant/immutability-benchmark/testcases/source/AGT/AGT159_ThisInstanceVariable_ParameterInstanceVariable/src/testcase/AGT159_ThisInstanceVariable_ParameterInstanceVariable.java	6	testcase.AGT159_ThisInstanceVariable_ParameterInstanceVariable		@Mutable AGT159_ThisInstanceVariable_ParameterInstanceVariable
/home/vagrant/immutability-benchmark/testcases/source/AGT/AGT159_ThisInstanceVariable_ParameterInstanceVariable/src/testcase/AGT159_ThisInstanceVariable_ParameterInstanceVariable.java	8	f1		@Readonly Object
/home/vagrant/immutability-benchmark/testcases/source/AGT/AGT159_ThisInstanceVariable_ParameterInstanceVariable/src/testcase/AGT159_ThisInstanceVariable_ParameterInstanceVariable.java	11	f2		@Readonly Object
/home/vagrant/immutability-benchmark/testcases/source/AGT/AGT159_ThisInstanceVariable_ParameterInstanceVariable/src/testcase/AGT159_ThisInstanceVariable_ParameterInstanceVariable.java	14	toString()-static		@Readonly
/home/vagrant/immutability-benchmark/testcases/source/AGT/AGT159_ThisInstanceVariable_ParameterInstanceVariable/src/testcase/AGT159_ThisInstanceVariable_ParameterInstanceVariable.java	14	toString()		@Readonly String () @Readonly AGT159_ThisInstanceVariable_ParameterInstanceVariable
/home/vagrant/immutability-benchmark/testcases/source/AGT/AGT159_ThisInstanceVariable_ParameterInstanceVariable/src/testcase/AGT159_ThisInstanceVariable_ParameterInstanceVariable.java	19	args		@Readonly String @Readonly []
/home/vagrant/immutability-benchmark/testcases/source/AGT/AGT159_ThisInstanceVariable_ParameterInstanceVariable/src/testcase/AGT159_ThisInstanceVariable_ParameterInstanceVariable.java	19	main(java.lang.String[])-static		@Mutable
/home/vagrant/immutability-benchmark/testcases/source/AGT/AGT159_ThisInstanceVariable_ParameterInstanceVariable/src/testcase/AGT159_ThisInstanceVariable_ParameterInstanceVariable.java	19	main(java.lang.String[])		void ([@Readonly String @Readonly []]) @Readonly AGT159_ThisInstanceVariable_ParameterInstanceVariable
/home/vagrant/immutability-benchmark/testcases/source/AGT/AGT159_ThisInstanceVariable_ParameterInstanceVariable/src/testcase/AGT159_ThisInstanceVariable_ParameterInstanceVariable.java	20	a		@Mutable AGT159_ThisInstanceVariable_ParameterInstanceVariable
/home/vagrant/immutability-benchmark/testcases/source/AGT/AGT159_ThisInstanceVariable_ParameterInstanceVariable/src/testcase/AGT159_ThisInstanceVariable_ParameterInstanceVariable.java	26	foo(testcase.AGT159_ThisInstanceVariable_ParameterInstanceVariable)-static		@Readonly
/home/vagrant/immutability-benchmark/testcases/source/AGT/AGT159_ThisInstanceVariable_ParameterInstanceVariable/src/testcase/AGT159_ThisInstanceVariable_ParameterInstanceVariable.java	26	foo(testcase.AGT159_ThisInstanceVariable_ParameterInstanceVariable)		void ([@Mutable AGT159_ThisInstanceVariable_ParameterInstanceVariable]) @Readonly AGT159_ThisInstanceVariable_ParameterInstanceVariable
/home/vagrant/immutability-benchmark/testcases/source/AGT/AGT159_ThisInstanceVariable_ParameterInstanceVariable/src/testcase/AGT159_ThisInstanceVariable_ParameterInstanceVariable.java	26	p		@Mutable AGT159_ThisInstanceVariable_ParameterInstanceVariable
INFO: There are 6 (66.66667%) readonly, 0 (0.0%) polyread and 3 (33.333336%) mutable references out of 9 references
INFO: Total methods: 3 pure methods: 1(33.333332%)
