/home/vagrant/immutability-benchmark/testcases/source/AGT/AGT007_FinalObject_Parameter/src/testcase/AGT007_FinalObject_Parameter.java	5	testcase.AGT007_FinalObject_Parameter		@Mutable AGT007_FinalObject_Parameter
/home/vagrant/immutability-benchmark/testcases/source/AGT/AGT007_FinalObject_Parameter/src/testcase/AGT007_FinalObject_Parameter.java	7	f		@Readonly Object
/home/vagrant/immutability-benchmark/testcases/source/AGT/AGT007_FinalObject_Parameter/src/testcase/AGT007_FinalObject_Parameter.java	10	toString()-static		@Readonly
/home/vagrant/immutability-benchmark/testcases/source/AGT/AGT007_FinalObject_Parameter/src/testcase/AGT007_FinalObject_Parameter.java	10	toString()		@Readonly String () @Readonly AGT007_FinalObject_Parameter
/home/vagrant/immutability-benchmark/testcases/source/AGT/AGT007_FinalObject_Parameter/src/testcase/AGT007_FinalObject_Parameter.java	15	args		@Readonly String @Readonly []
/home/vagrant/immutability-benchmark/testcases/source/AGT/AGT007_FinalObject_Parameter/src/testcase/AGT007_FinalObject_Parameter.java	15	main(java.lang.String[])-static		@Mutable
/home/vagrant/immutability-benchmark/testcases/source/AGT/AGT007_FinalObject_Parameter/src/testcase/AGT007_FinalObject_Parameter.java	15	main(java.lang.String[])		void ([@Readonly String @Readonly []]) @Readonly AGT007_FinalObject_Parameter
/home/vagrant/immutability-benchmark/testcases/source/AGT/AGT007_FinalObject_Parameter/src/testcase/AGT007_FinalObject_Parameter.java	16	test		@Readonly AGT007_FinalObject_Parameter
/home/vagrant/immutability-benchmark/testcases/source/AGT/AGT007_FinalObject_Parameter/src/testcase/AGT007_FinalObject_Parameter.java	22	foo(java.lang.Object)-static		@Readonly
/home/vagrant/immutability-benchmark/testcases/source/AGT/AGT007_FinalObject_Parameter/src/testcase/AGT007_FinalObject_Parameter.java	22	foo(java.lang.Object)		void ([@Readonly Object]) @Readonly AGT007_FinalObject_Parameter
/home/vagrant/immutability-benchmark/testcases/source/AGT/AGT007_FinalObject_Parameter/src/testcase/AGT007_FinalObject_Parameter.java	22	p		@Readonly Object
/home/vagrant/immutability-benchmark/testcases/source/AGT/AGT007_FinalObject_Parameter/src/testcase/AGT007_FinalObject_Parameter.java	23	o		@Readonly Object
INFO: There are 8 (88.88889%) readonly, 0 (0.0%) polyread and 1 (11.111112%) mutable references out of 9 references
INFO: Total methods: 3 pure methods: 2(66.666664%)
