/home/vagrant/immutability-benchmark/testcases/source/AGT/AGT225_ParameterArrayComponent_ObjectInstanceVariable/src/testcase/AGT225_ParameterArrayComponent_ObjectInstanceVariable.java	6	testcase.AGT225_ParameterArrayComponent_ObjectInstanceVariable		@Mutable AGT225_ParameterArrayComponent_ObjectInstanceVariable
/home/vagrant/immutability-benchmark/testcases/source/AGT/AGT225_ParameterArrayComponent_ObjectInstanceVariable/src/testcase/AGT225_ParameterArrayComponent_ObjectInstanceVariable.java	8	test		@Readonly Test
/home/vagrant/immutability-benchmark/testcases/source/AGT/AGT225_ParameterArrayComponent_ObjectInstanceVariable/src/testcase/AGT225_ParameterArrayComponent_ObjectInstanceVariable.java	11	args		@Readonly String @Readonly []
/home/vagrant/immutability-benchmark/testcases/source/AGT/AGT225_ParameterArrayComponent_ObjectInstanceVariable/src/testcase/AGT225_ParameterArrayComponent_ObjectInstanceVariable.java	11	main(java.lang.String[])-static		@Mutable
/home/vagrant/immutability-benchmark/testcases/source/AGT/AGT225_ParameterArrayComponent_ObjectInstanceVariable/src/testcase/AGT225_ParameterArrayComponent_ObjectInstanceVariable.java	11	main(java.lang.String[])		void ([@Readonly String @Readonly []]) @Readonly AGT225_ParameterArrayComponent_ObjectInstanceVariable
/home/vagrant/immutability-benchmark/testcases/source/AGT/AGT225_ParameterArrayComponent_ObjectInstanceVariable/src/testcase/AGT225_ParameterArrayComponent_ObjectInstanceVariable.java	15	foo()-static		@Mutable
/home/vagrant/immutability-benchmark/testcases/source/AGT/AGT225_ParameterArrayComponent_ObjectInstanceVariable/src/testcase/AGT225_ParameterArrayComponent_ObjectInstanceVariable.java	15	foo()		void () @Readonly AGT225_ParameterArrayComponent_ObjectInstanceVariable
/home/vagrant/immutability-benchmark/testcases/source/AGT/AGT225_ParameterArrayComponent_ObjectInstanceVariable/src/testcase/AGT225_ParameterArrayComponent_ObjectInstanceVariable.java	23	testcase.Test		@Mutable Test
/home/vagrant/immutability-benchmark/testcases/source/AGT/AGT225_ParameterArrayComponent_ObjectInstanceVariable/src/testcase/AGT225_ParameterArrayComponent_ObjectInstanceVariable.java	24	f		@Readonly Object
/home/vagrant/immutability-benchmark/testcases/source/AGT/AGT225_ParameterArrayComponent_ObjectInstanceVariable/src/testcase/AGT225_ParameterArrayComponent_ObjectInstanceVariable.java	26	bar(java.lang.Object[])-static		@Readonly
/home/vagrant/immutability-benchmark/testcases/source/AGT/AGT225_ParameterArrayComponent_ObjectInstanceVariable/src/testcase/AGT225_ParameterArrayComponent_ObjectInstanceVariable.java	26	bar(java.lang.Object[])		void ([@Readonly Object @Readonly []]) @Readonly Test
/home/vagrant/immutability-benchmark/testcases/source/AGT/AGT225_ParameterArrayComponent_ObjectInstanceVariable/src/testcase/AGT225_ParameterArrayComponent_ObjectInstanceVariable.java	26	p		@Readonly Object @Readonly []
/home/vagrant/immutability-benchmark/testcases/source/AGT/AGT225_ParameterArrayComponent_ObjectInstanceVariable/src/testcase/AGT225_ParameterArrayComponent_ObjectInstanceVariable.java	27	o		@Mutable Test
/home/vagrant/immutability-benchmark/testcases/source/AGT/AGT225_ParameterArrayComponent_ObjectInstanceVariable/src/testcase/AGT225_ParameterArrayComponent_ObjectInstanceVariable.java	31	toString()-static		@Readonly
/home/vagrant/immutability-benchmark/testcases/source/AGT/AGT225_ParameterArrayComponent_ObjectInstanceVariable/src/testcase/AGT225_ParameterArrayComponent_ObjectInstanceVariable.java	31	toString()		@Readonly String () @Readonly Test
INFO: There are 8 (72.72727%) readonly, 0 (0.0%) polyread and 3 (27.272728%) mutable references out of 11 references
INFO: Total methods: 4 pure methods: 2(50.0%)
