/home/vagrant/immutability-benchmark/testcases/source/AGT/AGT012_ByteLiteral_ObjectInstanceVariableArrayComponent/src/testcase/AGT012_ByteLiteral_ObjectInstanceVariableArrayComponent.java	7	testcase.AGT012_ByteLiteral_ObjectInstanceVariableArrayComponent		@Mutable AGT012_ByteLiteral_ObjectInstanceVariableArrayComponent
/home/vagrant/immutability-benchmark/testcases/source/AGT/AGT012_ByteLiteral_ObjectInstanceVariableArrayComponent/src/testcase/AGT012_ByteLiteral_ObjectInstanceVariableArrayComponent.java	9	test		@Mutable Test
/home/vagrant/immutability-benchmark/testcases/source/AGT/AGT012_ByteLiteral_ObjectInstanceVariableArrayComponent/src/testcase/AGT012_ByteLiteral_ObjectInstanceVariableArrayComponent.java	12	args		@Readonly String @Readonly []
/home/vagrant/immutability-benchmark/testcases/source/AGT/AGT012_ByteLiteral_ObjectInstanceVariableArrayComponent/src/testcase/AGT012_ByteLiteral_ObjectInstanceVariableArrayComponent.java	12	main(java.lang.String[])-static		@Mutable
/home/vagrant/immutability-benchmark/testcases/source/AGT/AGT012_ByteLiteral_ObjectInstanceVariableArrayComponent/src/testcase/AGT012_ByteLiteral_ObjectInstanceVariableArrayComponent.java	12	main(java.lang.String[])		void ([@Readonly String @Readonly []]) @Readonly AGT012_ByteLiteral_ObjectInstanceVariableArrayComponent
/home/vagrant/immutability-benchmark/testcases/source/AGT/AGT012_ByteLiteral_ObjectInstanceVariableArrayComponent/src/testcase/AGT012_ByteLiteral_ObjectInstanceVariableArrayComponent.java	16	foo()-static		@Mutable
/home/vagrant/immutability-benchmark/testcases/source/AGT/AGT012_ByteLiteral_ObjectInstanceVariableArrayComponent/src/testcase/AGT012_ByteLiteral_ObjectInstanceVariableArrayComponent.java	16	foo()		void () @Mutable AGT012_ByteLiteral_ObjectInstanceVariableArrayComponent
/home/vagrant/immutability-benchmark/testcases/source/AGT/AGT012_ByteLiteral_ObjectInstanceVariableArrayComponent/src/testcase/AGT012_ByteLiteral_ObjectInstanceVariableArrayComponent.java	24	testcase.Test		@Mutable Test
/home/vagrant/immutability-benchmark/testcases/source/AGT/AGT012_ByteLiteral_ObjectInstanceVariableArrayComponent/src/testcase/AGT012_ByteLiteral_ObjectInstanceVariableArrayComponent.java	25	f		@Readonly Object @Mutable []
/home/vagrant/immutability-benchmark/testcases/source/AGT/AGT012_ByteLiteral_ObjectInstanceVariableArrayComponent/src/testcase/AGT012_ByteLiteral_ObjectInstanceVariableArrayComponent.java	27	toString()-static		@Readonly
/home/vagrant/immutability-benchmark/testcases/source/AGT/AGT012_ByteLiteral_ObjectInstanceVariableArrayComponent/src/testcase/AGT012_ByteLiteral_ObjectInstanceVariableArrayComponent.java	27	toString()		@Readonly String () @Readonly Test
INFO: There are 3 (37.5%) readonly, 2 (25.0%) polyread and 3 (37.5%) mutable references out of 8 references
INFO: Total methods: 3 pure methods: 1(33.333332%)
