/home/vagrant/immutability-benchmark/testcases/source/AGT/AGT093_StringLiteral_ThisInstanceVariable/src/testcase/AGT093_StringLiteral_ThisInstanceVariable.java	5	testcase.AGT093_StringLiteral_ThisInstanceVariable		@Mutable AGT093_StringLiteral_ThisInstanceVariable
/home/vagrant/immutability-benchmark/testcases/source/AGT/AGT093_StringLiteral_ThisInstanceVariable/src/testcase/AGT093_StringLiteral_ThisInstanceVariable.java	7	test		@Mutable AGT093_StringLiteral_ThisInstanceVariable
/home/vagrant/immutability-benchmark/testcases/source/AGT/AGT093_StringLiteral_ThisInstanceVariable/src/testcase/AGT093_StringLiteral_ThisInstanceVariable.java	10	f		@Readonly Object
/home/vagrant/immutability-benchmark/testcases/source/AGT/AGT093_StringLiteral_ThisInstanceVariable/src/testcase/AGT093_StringLiteral_ThisInstanceVariable.java	12	toString()-static		@Readonly
/home/vagrant/immutability-benchmark/testcases/source/AGT/AGT093_StringLiteral_ThisInstanceVariable/src/testcase/AGT093_StringLiteral_ThisInstanceVariable.java	12	toString()		@Readonly String () @Readonly AGT093_StringLiteral_ThisInstanceVariable
/home/vagrant/immutability-benchmark/testcases/source/AGT/AGT093_StringLiteral_ThisInstanceVariable/src/testcase/AGT093_StringLiteral_ThisInstanceVariable.java	17	foo()-static		@Mutable
/home/vagrant/immutability-benchmark/testcases/source/AGT/AGT093_StringLiteral_ThisInstanceVariable/src/testcase/AGT093_StringLiteral_ThisInstanceVariable.java	17	foo()		void () @Mutable AGT093_StringLiteral_ThisInstanceVariable
/home/vagrant/immutability-benchmark/testcases/source/AGT/AGT093_StringLiteral_ThisInstanceVariable/src/testcase/AGT093_StringLiteral_ThisInstanceVariable.java	23	args		@Readonly String @Readonly []
/home/vagrant/immutability-benchmark/testcases/source/AGT/AGT093_StringLiteral_ThisInstanceVariable/src/testcase/AGT093_StringLiteral_ThisInstanceVariable.java	23	main(java.lang.String[])-static		@Mutable
/home/vagrant/immutability-benchmark/testcases/source/AGT/AGT093_StringLiteral_ThisInstanceVariable/src/testcase/AGT093_StringLiteral_ThisInstanceVariable.java	23	main(java.lang.String[])		void ([@Readonly String @Readonly []]) @Readonly AGT093_StringLiteral_ThisInstanceVariable
INFO: There are 4 (57.14286%) readonly, 1 (14.285715%) polyread and 2 (28.57143%) mutable references out of 7 references
INFO: Total methods: 3 pure methods: 1(33.333332%)
