/home/vagrant/immutability-benchmark/testcases/source/AGT/AGT179_ClassVariable_ParameterInstanceVariable/src/testcase/AGT179_ClassVariable_ParameterInstanceVariable.java	5	testcase.AGT179_ClassVariable_ParameterInstanceVariable		@Mutable AGT179_ClassVariable_ParameterInstanceVariable
/home/vagrant/immutability-benchmark/testcases/source/AGT/AGT179_ClassVariable_ParameterInstanceVariable/src/testcase/AGT179_ClassVariable_ParameterInstanceVariable.java	7	test		@Mutable Test
/home/vagrant/immutability-benchmark/testcases/source/AGT/AGT179_ClassVariable_ParameterInstanceVariable/src/testcase/AGT179_ClassVariable_ParameterInstanceVariable.java	10	args		@Readonly String @Readonly []
/home/vagrant/immutability-benchmark/testcases/source/AGT/AGT179_ClassVariable_ParameterInstanceVariable/src/testcase/AGT179_ClassVariable_ParameterInstanceVariable.java	10	main(java.lang.String[])-static		@Mutable
/home/vagrant/immutability-benchmark/testcases/source/AGT/AGT179_ClassVariable_ParameterInstanceVariable/src/testcase/AGT179_ClassVariable_ParameterInstanceVariable.java	10	main(java.lang.String[])		void ([@Readonly String @Readonly []]) @Readonly AGT179_ClassVariable_ParameterInstanceVariable
/home/vagrant/immutability-benchmark/testcases/source/AGT/AGT179_ClassVariable_ParameterInstanceVariable/src/testcase/AGT179_ClassVariable_ParameterInstanceVariable.java	14	foo()-static		@Mutable
/home/vagrant/immutability-benchmark/testcases/source/AGT/AGT179_ClassVariable_ParameterInstanceVariable/src/testcase/AGT179_ClassVariable_ParameterInstanceVariable.java	14	foo()		void () @Mutable AGT179_ClassVariable_ParameterInstanceVariable
/home/vagrant/immutability-benchmark/testcases/source/AGT/AGT179_ClassVariable_ParameterInstanceVariable/src/testcase/AGT179_ClassVariable_ParameterInstanceVariable.java	22	testcase.Test		@Mutable Test
/home/vagrant/immutability-benchmark/testcases/source/AGT/AGT179_ClassVariable_ParameterInstanceVariable/src/testcase/AGT179_ClassVariable_ParameterInstanceVariable.java	23	f1		@Readonly Object
/home/vagrant/immutability-benchmark/testcases/source/AGT/AGT179_ClassVariable_ParameterInstanceVariable/src/testcase/AGT179_ClassVariable_ParameterInstanceVariable.java	24	f2		@Mutable Object
/home/vagrant/immutability-benchmark/testcases/source/AGT/AGT179_ClassVariable_ParameterInstanceVariable/src/testcase/AGT179_ClassVariable_ParameterInstanceVariable.java	26	bar(testcase.Test)-static		@Mutable
/home/vagrant/immutability-benchmark/testcases/source/AGT/AGT179_ClassVariable_ParameterInstanceVariable/src/testcase/AGT179_ClassVariable_ParameterInstanceVariable.java	26	bar(testcase.Test)		void ([@Mutable Test]) @Readonly Test
/home/vagrant/immutability-benchmark/testcases/source/AGT/AGT179_ClassVariable_ParameterInstanceVariable/src/testcase/AGT179_ClassVariable_ParameterInstanceVariable.java	26	p		@Mutable Test
/home/vagrant/immutability-benchmark/testcases/source/AGT/AGT179_ClassVariable_ParameterInstanceVariable/src/testcase/AGT179_ClassVariable_ParameterInstanceVariable.java	30	toString()-static		@Readonly
/home/vagrant/immutability-benchmark/testcases/source/AGT/AGT179_ClassVariable_ParameterInstanceVariable/src/testcase/AGT179_ClassVariable_ParameterInstanceVariable.java	30	toString()		@Readonly String () @Readonly Test
INFO: There are 5 (45.454548%) readonly, 2 (18.181818%) polyread and 4 (36.363636%) mutable references out of 11 references
INFO: Total methods: 4 pure methods: 1(25.0%)
