/home/vagrant/immutability-benchmark/testcases/source/AGT/AGT179_ClassVariable_ParameterInstanceVariable/src/testcase/AGT179_ClassVariable_ParameterInstanceVariable.java	6	testcase.AGT179_ClassVariable_ParameterInstanceVariable		@Mutable AGT179_ClassVariable_ParameterInstanceVariable
/home/vagrant/immutability-benchmark/testcases/source/AGT/AGT179_ClassVariable_ParameterInstanceVariable/src/testcase/AGT179_ClassVariable_ParameterInstanceVariable.java	8	f1		@Readonly Object
/home/vagrant/immutability-benchmark/testcases/source/AGT/AGT179_ClassVariable_ParameterInstanceVariable/src/testcase/AGT179_ClassVariable_ParameterInstanceVariable.java	11	f2		@Mutable Object
/home/vagrant/immutability-benchmark/testcases/source/AGT/AGT179_ClassVariable_ParameterInstanceVariable/src/testcase/AGT179_ClassVariable_ParameterInstanceVariable.java	14	toString()-static		@Mutable
/home/vagrant/immutability-benchmark/testcases/source/AGT/AGT179_ClassVariable_ParameterInstanceVariable/src/testcase/AGT179_ClassVariable_ParameterInstanceVariable.java	14	toString()		@Readonly String () @Readonly AGT179_ClassVariable_ParameterInstanceVariable
/home/vagrant/immutability-benchmark/testcases/source/AGT/AGT179_ClassVariable_ParameterInstanceVariable/src/testcase/AGT179_ClassVariable_ParameterInstanceVariable.java	19	args		@Readonly String @Readonly []
/home/vagrant/immutability-benchmark/testcases/source/AGT/AGT179_ClassVariable_ParameterInstanceVariable/src/testcase/AGT179_ClassVariable_ParameterInstanceVariable.java	19	main(java.lang.String[])-static		@Mutable
/home/vagrant/immutability-benchmark/testcases/source/AGT/AGT179_ClassVariable_ParameterInstanceVariable/src/testcase/AGT179_ClassVariable_ParameterInstanceVariable.java	19	main(java.lang.String[])		void ([@Readonly String @Readonly []]) @Readonly AGT179_ClassVariable_ParameterInstanceVariable
/home/vagrant/immutability-benchmark/testcases/source/AGT/AGT179_ClassVariable_ParameterInstanceVariable/src/testcase/AGT179_ClassVariable_ParameterInstanceVariable.java	20	a		@Mutable AGT179_ClassVariable_ParameterInstanceVariable
/home/vagrant/immutability-benchmark/testcases/source/AGT/AGT179_ClassVariable_ParameterInstanceVariable/src/testcase/AGT179_ClassVariable_ParameterInstanceVariable.java	26	foo(testcase.AGT179_ClassVariable_ParameterInstanceVariable)-static		@Mutable
/home/vagrant/immutability-benchmark/testcases/source/AGT/AGT179_ClassVariable_ParameterInstanceVariable/src/testcase/AGT179_ClassVariable_ParameterInstanceVariable.java	26	foo(testcase.AGT179_ClassVariable_ParameterInstanceVariable)		void ([@Mutable AGT179_ClassVariable_ParameterInstanceVariable]) @Readonly AGT179_ClassVariable_ParameterInstanceVariable
/home/vagrant/immutability-benchmark/testcases/source/AGT/AGT179_ClassVariable_ParameterInstanceVariable/src/testcase/AGT179_ClassVariable_ParameterInstanceVariable.java	26	p		@Mutable AGT179_ClassVariable_ParameterInstanceVariable
INFO: There are 5 (55.555557%) readonly, 1 (11.111112%) polyread and 3 (33.333336%) mutable references out of 9 references
INFO: Total methods: 3 pure methods: 1(33.333332%)
