/home/vagrant/immutability-benchmark/testcases/source/AGT/AGT163_ThisInstanceVariableArrayComponent_ThisInstanceVariable/src/testcase/AGT163_ThisInstanceVariableArrayComponent_ThisInstanceVariable.java	7	testcase.AGT163_ThisInstanceVariableArrayComponent_ThisInstanceVariable		@Mutable AGT163_ThisInstanceVariableArrayComponent_ThisInstanceVariable
/home/vagrant/immutability-benchmark/testcases/source/AGT/AGT163_ThisInstanceVariableArrayComponent_ThisInstanceVariable/src/testcase/AGT163_ThisInstanceVariableArrayComponent_ThisInstanceVariable.java	9	test		@Mutable AGT163_ThisInstanceVariableArrayComponent_ThisInstanceVariable
/home/vagrant/immutability-benchmark/testcases/source/AGT/AGT163_ThisInstanceVariableArrayComponent_ThisInstanceVariable/src/testcase/AGT163_ThisInstanceVariableArrayComponent_ThisInstanceVariable.java	12	f1		@Readonly Object
/home/vagrant/immutability-benchmark/testcases/source/AGT/AGT163_ThisInstanceVariableArrayComponent_ThisInstanceVariable/src/testcase/AGT163_ThisInstanceVariableArrayComponent_ThisInstanceVariable.java	13	f2		@Readonly Object @Readonly []
/home/vagrant/immutability-benchmark/testcases/source/AGT/AGT163_ThisInstanceVariableArrayComponent_ThisInstanceVariable/src/testcase/AGT163_ThisInstanceVariableArrayComponent_ThisInstanceVariable.java	15	toString()-static		@Readonly
/home/vagrant/immutability-benchmark/testcases/source/AGT/AGT163_ThisInstanceVariableArrayComponent_ThisInstanceVariable/src/testcase/AGT163_ThisInstanceVariableArrayComponent_ThisInstanceVariable.java	15	toString()		@Readonly String () @Readonly AGT163_ThisInstanceVariableArrayComponent_ThisInstanceVariable
/home/vagrant/immutability-benchmark/testcases/source/AGT/AGT163_ThisInstanceVariableArrayComponent_ThisInstanceVariable/src/testcase/AGT163_ThisInstanceVariableArrayComponent_ThisInstanceVariable.java	20	foo()-static		@Mutable
/home/vagrant/immutability-benchmark/testcases/source/AGT/AGT163_ThisInstanceVariableArrayComponent_ThisInstanceVariable/src/testcase/AGT163_ThisInstanceVariableArrayComponent_ThisInstanceVariable.java	20	foo()		void () @Mutable AGT163_ThisInstanceVariableArrayComponent_ThisInstanceVariable
/home/vagrant/immutability-benchmark/testcases/source/AGT/AGT163_ThisInstanceVariableArrayComponent_ThisInstanceVariable/src/testcase/AGT163_ThisInstanceVariableArrayComponent_ThisInstanceVariable.java	26	args		@Readonly String @Readonly []
/home/vagrant/immutability-benchmark/testcases/source/AGT/AGT163_ThisInstanceVariableArrayComponent_ThisInstanceVariable/src/testcase/AGT163_ThisInstanceVariableArrayComponent_ThisInstanceVariable.java	26	main(java.lang.String[])-static		@Mutable
/home/vagrant/immutability-benchmark/testcases/source/AGT/AGT163_ThisInstanceVariableArrayComponent_ThisInstanceVariable/src/testcase/AGT163_ThisInstanceVariableArrayComponent_ThisInstanceVariable.java	26	main(java.lang.String[])		void ([@Readonly String @Readonly []]) @Readonly AGT163_ThisInstanceVariableArrayComponent_ThisInstanceVariable
INFO: There are 5 (62.5%) readonly, 1 (12.5%) polyread and 2 (25.0%) mutable references out of 8 references
INFO: Total methods: 3 pure methods: 1(33.333332%)
