/home/vagrant/immutability-benchmark/testcases/source/AGT/AGT137_ObjectInstanceVariable_Parameter/src/testcase/AGT137_ObjectInstanceVariable_Parameter.java	5	testcase.AGT137_ObjectInstanceVariable_Parameter		@Mutable AGT137_ObjectInstanceVariable_Parameter
/home/vagrant/immutability-benchmark/testcases/source/AGT/AGT137_ObjectInstanceVariable_Parameter/src/testcase/AGT137_ObjectInstanceVariable_Parameter.java	7	test		@Readonly Test
/home/vagrant/immutability-benchmark/testcases/source/AGT/AGT137_ObjectInstanceVariable_Parameter/src/testcase/AGT137_ObjectInstanceVariable_Parameter.java	10	args		@Readonly String @Readonly []
/home/vagrant/immutability-benchmark/testcases/source/AGT/AGT137_ObjectInstanceVariable_Parameter/src/testcase/AGT137_ObjectInstanceVariable_Parameter.java	10	main(java.lang.String[])-static		@Mutable
/home/vagrant/immutability-benchmark/testcases/source/AGT/AGT137_ObjectInstanceVariable_Parameter/src/testcase/AGT137_ObjectInstanceVariable_Parameter.java	10	main(java.lang.String[])		void ([@Readonly String @Readonly []]) @Readonly AGT137_ObjectInstanceVariable_Parameter
/home/vagrant/immutability-benchmark/testcases/source/AGT/AGT137_ObjectInstanceVariable_Parameter/src/testcase/AGT137_ObjectInstanceVariable_Parameter.java	14	foo()-static		@Mutable
/home/vagrant/immutability-benchmark/testcases/source/AGT/AGT137_ObjectInstanceVariable_Parameter/src/testcase/AGT137_ObjectInstanceVariable_Parameter.java	14	foo()		void () @Readonly AGT137_ObjectInstanceVariable_Parameter
/home/vagrant/immutability-benchmark/testcases/source/AGT/AGT137_ObjectInstanceVariable_Parameter/src/testcase/AGT137_ObjectInstanceVariable_Parameter.java	22	testcase.Test		@Mutable Test
/home/vagrant/immutability-benchmark/testcases/source/AGT/AGT137_ObjectInstanceVariable_Parameter/src/testcase/AGT137_ObjectInstanceVariable_Parameter.java	23	f		@Readonly Object
/home/vagrant/immutability-benchmark/testcases/source/AGT/AGT137_ObjectInstanceVariable_Parameter/src/testcase/AGT137_ObjectInstanceVariable_Parameter.java	25	bar(java.lang.Object)-static		@Readonly
/home/vagrant/immutability-benchmark/testcases/source/AGT/AGT137_ObjectInstanceVariable_Parameter/src/testcase/AGT137_ObjectInstanceVariable_Parameter.java	25	bar(java.lang.Object)		void ([@Readonly Object]) @Readonly Test
/home/vagrant/immutability-benchmark/testcases/source/AGT/AGT137_ObjectInstanceVariable_Parameter/src/testcase/AGT137_ObjectInstanceVariable_Parameter.java	25	p		@Readonly Object
/home/vagrant/immutability-benchmark/testcases/source/AGT/AGT137_ObjectInstanceVariable_Parameter/src/testcase/AGT137_ObjectInstanceVariable_Parameter.java	26	o		@Readonly Test
/home/vagrant/immutability-benchmark/testcases/source/AGT/AGT137_ObjectInstanceVariable_Parameter/src/testcase/AGT137_ObjectInstanceVariable_Parameter.java	30	toString()-static		@Readonly
/home/vagrant/immutability-benchmark/testcases/source/AGT/AGT137_ObjectInstanceVariable_Parameter/src/testcase/AGT137_ObjectInstanceVariable_Parameter.java	30	toString()		@Readonly String () @Readonly Test
INFO: There are 9 (81.818184%) readonly, 0 (0.0%) polyread and 2 (18.181818%) mutable references out of 11 references
INFO: Total methods: 4 pure methods: 2(50.0%)
