/home/vagrant/immutability-benchmark/testcases/source/AGT/AGT127_Enum_Parameter/src/testcase/AGT127_Enum_Parameter.java	5	testcase.AGT127_Enum_Parameter		@Mutable AGT127_Enum_Parameter
/home/vagrant/immutability-benchmark/testcases/source/AGT/AGT127_Enum_Parameter/src/testcase/AGT127_Enum_Parameter.java	7	test		@Readonly Test
/home/vagrant/immutability-benchmark/testcases/source/AGT/AGT127_Enum_Parameter/src/testcase/AGT127_Enum_Parameter.java	10	args		@Readonly String @Readonly []
/home/vagrant/immutability-benchmark/testcases/source/AGT/AGT127_Enum_Parameter/src/testcase/AGT127_Enum_Parameter.java	10	main(java.lang.String[])-static		@Mutable
/home/vagrant/immutability-benchmark/testcases/source/AGT/AGT127_Enum_Parameter/src/testcase/AGT127_Enum_Parameter.java	10	main(java.lang.String[])		void ([@Readonly String @Readonly []]) @Readonly AGT127_Enum_Parameter
/home/vagrant/immutability-benchmark/testcases/source/AGT/AGT127_Enum_Parameter/src/testcase/AGT127_Enum_Parameter.java	14	foo()-static		@Mutable
/home/vagrant/immutability-benchmark/testcases/source/AGT/AGT127_Enum_Parameter/src/testcase/AGT127_Enum_Parameter.java	14	foo()		void () @Readonly AGT127_Enum_Parameter
/home/vagrant/immutability-benchmark/testcases/source/AGT/AGT127_Enum_Parameter/src/testcase/AGT127_Enum_Parameter.java	23	E		@Mutable Enum
/home/vagrant/immutability-benchmark/testcases/source/AGT/AGT127_Enum_Parameter/src/testcase/AGT127_Enum_Parameter.java	26	testcase.Test		@Mutable Test
/home/vagrant/immutability-benchmark/testcases/source/AGT/AGT127_Enum_Parameter/src/testcase/AGT127_Enum_Parameter.java	27	f		@Readonly Object
/home/vagrant/immutability-benchmark/testcases/source/AGT/AGT127_Enum_Parameter/src/testcase/AGT127_Enum_Parameter.java	29	bar(java.lang.Object)-static		@Readonly
/home/vagrant/immutability-benchmark/testcases/source/AGT/AGT127_Enum_Parameter/src/testcase/AGT127_Enum_Parameter.java	29	bar(java.lang.Object)		void ([@Readonly Object]) @Readonly Test
/home/vagrant/immutability-benchmark/testcases/source/AGT/AGT127_Enum_Parameter/src/testcase/AGT127_Enum_Parameter.java	29	p		@Readonly Object
/home/vagrant/immutability-benchmark/testcases/source/AGT/AGT127_Enum_Parameter/src/testcase/AGT127_Enum_Parameter.java	33	toString()-static		@Readonly
/home/vagrant/immutability-benchmark/testcases/source/AGT/AGT127_Enum_Parameter/src/testcase/AGT127_Enum_Parameter.java	33	toString()		@Readonly String () @Readonly Test
INFO: There are 8 (72.72727%) readonly, 0 (0.0%) polyread and 3 (27.272728%) mutable references out of 11 references
INFO: Total methods: 4 pure methods: 2(50.0%)
