/home/vagrant/immutability-benchmark/testcases/source/AGT/AGT127_Enum_Parameter/src/testcase/AGT127_Enum_Parameter.java	7	A		@Mutable AGT127_Enum_Parameter
/home/vagrant/immutability-benchmark/testcases/source/AGT/AGT127_Enum_Parameter/src/testcase/AGT127_Enum_Parameter.java	7	B		@Mutable AGT127_Enum_Parameter
/home/vagrant/immutability-benchmark/testcases/source/AGT/AGT127_Enum_Parameter/src/testcase/AGT127_Enum_Parameter.java	9	f		@Readonly Object
/home/vagrant/immutability-benchmark/testcases/source/AGT/AGT127_Enum_Parameter/src/testcase/AGT127_Enum_Parameter.java	12	toString()-static		@Readonly
/home/vagrant/immutability-benchmark/testcases/source/AGT/AGT127_Enum_Parameter/src/testcase/AGT127_Enum_Parameter.java	12	toString()		@Readonly String () @Readonly AGT127_Enum_Parameter
/home/vagrant/immutability-benchmark/testcases/source/AGT/AGT127_Enum_Parameter/src/testcase/AGT127_Enum_Parameter.java	17	args		@Readonly String @Readonly []
/home/vagrant/immutability-benchmark/testcases/source/AGT/AGT127_Enum_Parameter/src/testcase/AGT127_Enum_Parameter.java	17	main(java.lang.String[])-static		@Mutable
/home/vagrant/immutability-benchmark/testcases/source/AGT/AGT127_Enum_Parameter/src/testcase/AGT127_Enum_Parameter.java	17	main(java.lang.String[])		void ([@Readonly String @Readonly []]) @Readonly AGT127_Enum_Parameter
/home/vagrant/immutability-benchmark/testcases/source/AGT/AGT127_Enum_Parameter/src/testcase/AGT127_Enum_Parameter.java	18	test		@Readonly AGT127_Enum_Parameter
/home/vagrant/immutability-benchmark/testcases/source/AGT/AGT127_Enum_Parameter/src/testcase/AGT127_Enum_Parameter.java	24	foo(java.lang.Object)-static		@Readonly
/home/vagrant/immutability-benchmark/testcases/source/AGT/AGT127_Enum_Parameter/src/testcase/AGT127_Enum_Parameter.java	24	foo(java.lang.Object)		void ([@Readonly Object]) @Readonly AGT127_Enum_Parameter
/home/vagrant/immutability-benchmark/testcases/source/AGT/AGT127_Enum_Parameter/src/testcase/AGT127_Enum_Parameter.java	24	p		@Readonly Object
INFO: There are 7 (77.77778%) readonly, 0 (0.0%) polyread and 2 (22.222223%) mutable references out of 9 references
INFO: Total methods: 3 pure methods: 2(66.666664%)
