/home/vagrant/immutability-benchmark/testcases/source/AGT/AGT213_Parameter_ParameterInstanceVariable/src/testcase/AGT213_Parameter_ParameterInstanceVariable.java	6	testcase.AGT213_Parameter_ParameterInstanceVariable		@Mutable AGT213_Parameter_ParameterInstanceVariable
/home/vagrant/immutability-benchmark/testcases/source/AGT/AGT213_Parameter_ParameterInstanceVariable/src/testcase/AGT213_Parameter_ParameterInstanceVariable.java	8	f1		@Readonly Object
/home/vagrant/immutability-benchmark/testcases/source/AGT/AGT213_Parameter_ParameterInstanceVariable/src/testcase/AGT213_Parameter_ParameterInstanceVariable.java	11	f2		@Readonly Object
/home/vagrant/immutability-benchmark/testcases/source/AGT/AGT213_Parameter_ParameterInstanceVariable/src/testcase/AGT213_Parameter_ParameterInstanceVariable.java	14	toString()-static		@Readonly
/home/vagrant/immutability-benchmark/testcases/source/AGT/AGT213_Parameter_ParameterInstanceVariable/src/testcase/AGT213_Parameter_ParameterInstanceVariable.java	14	toString()		@Readonly String () @Readonly AGT213_Parameter_ParameterInstanceVariable
/home/vagrant/immutability-benchmark/testcases/source/AGT/AGT213_Parameter_ParameterInstanceVariable/src/testcase/AGT213_Parameter_ParameterInstanceVariable.java	19	foo(testcase.AGT213_Parameter_ParameterInstanceVariable,java.lang.Object)-static		@Readonly
/home/vagrant/immutability-benchmark/testcases/source/AGT/AGT213_Parameter_ParameterInstanceVariable/src/testcase/AGT213_Parameter_ParameterInstanceVariable.java	19	foo(testcase.AGT213_Parameter_ParameterInstanceVariable,java.lang.Object)		void ([@Mutable AGT213_Parameter_ParameterInstanceVariable, @Readonly Object]) @Readonly AGT213_Parameter_ParameterInstanceVariable
/home/vagrant/immutability-benchmark/testcases/source/AGT/AGT213_Parameter_ParameterInstanceVariable/src/testcase/AGT213_Parameter_ParameterInstanceVariable.java	19	p1		@Mutable AGT213_Parameter_ParameterInstanceVariable
/home/vagrant/immutability-benchmark/testcases/source/AGT/AGT213_Parameter_ParameterInstanceVariable/src/testcase/AGT213_Parameter_ParameterInstanceVariable.java	19	p2		@Readonly Object
/home/vagrant/immutability-benchmark/testcases/source/AGT/AGT213_Parameter_ParameterInstanceVariable/src/testcase/AGT213_Parameter_ParameterInstanceVariable.java	23	args		@Readonly String @Readonly []
/home/vagrant/immutability-benchmark/testcases/source/AGT/AGT213_Parameter_ParameterInstanceVariable/src/testcase/AGT213_Parameter_ParameterInstanceVariable.java	23	main(java.lang.String[])-static		@Mutable
/home/vagrant/immutability-benchmark/testcases/source/AGT/AGT213_Parameter_ParameterInstanceVariable/src/testcase/AGT213_Parameter_ParameterInstanceVariable.java	23	main(java.lang.String[])		void ([@Readonly String @Readonly []]) @Readonly AGT213_Parameter_ParameterInstanceVariable
/home/vagrant/immutability-benchmark/testcases/source/AGT/AGT213_Parameter_ParameterInstanceVariable/src/testcase/AGT213_Parameter_ParameterInstanceVariable.java	24	test		@Mutable AGT213_Parameter_ParameterInstanceVariable
INFO: There are 7 (70.0%) readonly, 0 (0.0%) polyread and 3 (30.000002%) mutable references out of 10 references
INFO: Total methods: 3 pure methods: 1(33.333332%)
