/home/vagrant/immutability-benchmark/testcases/source/AGT/AGT191_StaticDispatchReturn_ObjectInstanceVariable/src/testcase/AGT191_StaticDispatchReturn_ObjectInstanceVariable.java	5	testcase.AGT191_StaticDispatchReturn_ObjectInstanceVariable		@Mutable AGT191_StaticDispatchReturn_ObjectInstanceVariable
/home/vagrant/immutability-benchmark/testcases/source/AGT/AGT191_StaticDispatchReturn_ObjectInstanceVariable/src/testcase/AGT191_StaticDispatchReturn_ObjectInstanceVariable.java	7	f		@Readonly Object
/home/vagrant/immutability-benchmark/testcases/source/AGT/AGT191_StaticDispatchReturn_ObjectInstanceVariable/src/testcase/AGT191_StaticDispatchReturn_ObjectInstanceVariable.java	10	toString()-static		@Readonly
/home/vagrant/immutability-benchmark/testcases/source/AGT/AGT191_StaticDispatchReturn_ObjectInstanceVariable/src/testcase/AGT191_StaticDispatchReturn_ObjectInstanceVariable.java	10	toString()		@Readonly String () @Readonly AGT191_StaticDispatchReturn_ObjectInstanceVariable
/home/vagrant/immutability-benchmark/testcases/source/AGT/AGT191_StaticDispatchReturn_ObjectInstanceVariable/src/testcase/AGT191_StaticDispatchReturn_ObjectInstanceVariable.java	15	args		@Readonly String @Readonly []
/home/vagrant/immutability-benchmark/testcases/source/AGT/AGT191_StaticDispatchReturn_ObjectInstanceVariable/src/testcase/AGT191_StaticDispatchReturn_ObjectInstanceVariable.java	15	main(java.lang.String[])-static		@Mutable
/home/vagrant/immutability-benchmark/testcases/source/AGT/AGT191_StaticDispatchReturn_ObjectInstanceVariable/src/testcase/AGT191_StaticDispatchReturn_ObjectInstanceVariable.java	15	main(java.lang.String[])		void ([@Readonly String @Readonly []]) @Readonly AGT191_StaticDispatchReturn_ObjectInstanceVariable
/home/vagrant/immutability-benchmark/testcases/source/AGT/AGT191_StaticDispatchReturn_ObjectInstanceVariable/src/testcase/AGT191_StaticDispatchReturn_ObjectInstanceVariable.java	16	test		@Mutable AGT191_StaticDispatchReturn_ObjectInstanceVariable
/home/vagrant/immutability-benchmark/testcases/source/AGT/AGT191_StaticDispatchReturn_ObjectInstanceVariable/src/testcase/AGT191_StaticDispatchReturn_ObjectInstanceVariable.java	22	bar()-static		@Readonly
/home/vagrant/immutability-benchmark/testcases/source/AGT/AGT191_StaticDispatchReturn_ObjectInstanceVariable/src/testcase/AGT191_StaticDispatchReturn_ObjectInstanceVariable.java	22	bar()		@Readonly Object () @Readonly AGT191_StaticDispatchReturn_ObjectInstanceVariable
INFO: There are 5 (71.42857%) readonly, 0 (0.0%) polyread and 2 (28.57143%) mutable references out of 7 references
INFO: Total methods: 3 pure methods: 2(66.666664%)
