/home/vagrant/immutability-benchmark/testcases/source/AGT/AGT191_StaticDispatchReturn_ObjectInstanceVariable/src/testcase/AGT191_StaticDispatchReturn_ObjectInstanceVariable.java	5	testcase.AGT191_StaticDispatchReturn_ObjectInstanceVariable		@Mutable AGT191_StaticDispatchReturn_ObjectInstanceVariable
/home/vagrant/immutability-benchmark/testcases/source/AGT/AGT191_StaticDispatchReturn_ObjectInstanceVariable/src/testcase/AGT191_StaticDispatchReturn_ObjectInstanceVariable.java	7	test		@Mutable Test
/home/vagrant/immutability-benchmark/testcases/source/AGT/AGT191_StaticDispatchReturn_ObjectInstanceVariable/src/testcase/AGT191_StaticDispatchReturn_ObjectInstanceVariable.java	10	bar()-static		@Readonly
/home/vagrant/immutability-benchmark/testcases/source/AGT/AGT191_StaticDispatchReturn_ObjectInstanceVariable/src/testcase/AGT191_StaticDispatchReturn_ObjectInstanceVariable.java	10	bar()		@Readonly Object () @Readonly AGT191_StaticDispatchReturn_ObjectInstanceVariable
/home/vagrant/immutability-benchmark/testcases/source/AGT/AGT191_StaticDispatchReturn_ObjectInstanceVariable/src/testcase/AGT191_StaticDispatchReturn_ObjectInstanceVariable.java	14	args		@Readonly String @Readonly []
/home/vagrant/immutability-benchmark/testcases/source/AGT/AGT191_StaticDispatchReturn_ObjectInstanceVariable/src/testcase/AGT191_StaticDispatchReturn_ObjectInstanceVariable.java	14	main(java.lang.String[])-static		@Mutable
/home/vagrant/immutability-benchmark/testcases/source/AGT/AGT191_StaticDispatchReturn_ObjectInstanceVariable/src/testcase/AGT191_StaticDispatchReturn_ObjectInstanceVariable.java	14	main(java.lang.String[])		void ([@Readonly String @Readonly []]) @Readonly AGT191_StaticDispatchReturn_ObjectInstanceVariable
/home/vagrant/immutability-benchmark/testcases/source/AGT/AGT191_StaticDispatchReturn_ObjectInstanceVariable/src/testcase/AGT191_StaticDispatchReturn_ObjectInstanceVariable.java	18	foo()-static		@Mutable
/home/vagrant/immutability-benchmark/testcases/source/AGT/AGT191_StaticDispatchReturn_ObjectInstanceVariable/src/testcase/AGT191_StaticDispatchReturn_ObjectInstanceVariable.java	18	foo()		void () @Mutable AGT191_StaticDispatchReturn_ObjectInstanceVariable
/home/vagrant/immutability-benchmark/testcases/source/AGT/AGT191_StaticDispatchReturn_ObjectInstanceVariable/src/testcase/AGT191_StaticDispatchReturn_ObjectInstanceVariable.java	26	testcase.Test		@Mutable Test
/home/vagrant/immutability-benchmark/testcases/source/AGT/AGT191_StaticDispatchReturn_ObjectInstanceVariable/src/testcase/AGT191_StaticDispatchReturn_ObjectInstanceVariable.java	27	f		@Readonly Object
/home/vagrant/immutability-benchmark/testcases/source/AGT/AGT191_StaticDispatchReturn_ObjectInstanceVariable/src/testcase/AGT191_StaticDispatchReturn_ObjectInstanceVariable.java	29	toString()-static		@Readonly
/home/vagrant/immutability-benchmark/testcases/source/AGT/AGT191_StaticDispatchReturn_ObjectInstanceVariable/src/testcase/AGT191_StaticDispatchReturn_ObjectInstanceVariable.java	29	toString()		@Readonly String () @Readonly Test
INFO: There are 5 (55.555557%) readonly, 1 (11.111112%) polyread and 3 (33.333336%) mutable references out of 9 references
INFO: Total methods: 4 pure methods: 2(50.0%)
