/home/vagrant/immutability-benchmark/testcases/source/AGT/AGT115_This_ClassVariable/src/testcase/AGT115_This_ClassVariable.java	5	testcase.AGT115_This_ClassVariable		@Readonly AGT115_This_ClassVariable
/home/vagrant/immutability-benchmark/testcases/source/AGT/AGT115_This_ClassVariable/src/testcase/AGT115_This_ClassVariable.java	7	f		@Mutable Object
/home/vagrant/immutability-benchmark/testcases/source/AGT/AGT115_This_ClassVariable/src/testcase/AGT115_This_ClassVariable.java	10	toString()-static		@Readonly
/home/vagrant/immutability-benchmark/testcases/source/AGT/AGT115_This_ClassVariable/src/testcase/AGT115_This_ClassVariable.java	10	toString()		@Readonly String () @Readonly AGT115_This_ClassVariable
/home/vagrant/immutability-benchmark/testcases/source/AGT/AGT115_This_ClassVariable/src/testcase/AGT115_This_ClassVariable.java	16	args		@Readonly String @Readonly []
/home/vagrant/immutability-benchmark/testcases/source/AGT/AGT115_This_ClassVariable/src/testcase/AGT115_This_ClassVariable.java	16	main(java.lang.String[])-static		@Mutable
/home/vagrant/immutability-benchmark/testcases/source/AGT/AGT115_This_ClassVariable/src/testcase/AGT115_This_ClassVariable.java	16	main(java.lang.String[])		void ([@Readonly String @Readonly []]) @Readonly AGT115_This_ClassVariable
/home/vagrant/immutability-benchmark/testcases/source/AGT/AGT115_This_ClassVariable/src/testcase/AGT115_This_ClassVariable.java	17	a		@Mutable AGT115_This_ClassVariable
/home/vagrant/immutability-benchmark/testcases/source/AGT/AGT115_This_ClassVariable/src/testcase/AGT115_This_ClassVariable.java	21	foo()-static		@Mutable
/home/vagrant/immutability-benchmark/testcases/source/AGT/AGT115_This_ClassVariable/src/testcase/AGT115_This_ClassVariable.java	21	foo()		void () @Mutable AGT115_This_ClassVariable
/home/vagrant/immutability-benchmark/testcases/source/AGT/AGT115_This_ClassVariable/src/testcase/AGT115_This_ClassVariable.java	22	b		@Readonly AGT115_This_ClassVariable
INFO: There are 5 (62.5%) readonly, 1 (12.5%) polyread and 2 (25.0%) mutable references out of 8 references
INFO: Total methods: 3 pure methods: 1(33.333332%)
