/home/vagrant/immutability-benchmark/testcases/source/AGT/AGT115_This_ClassVariable/src/testcase/AGT115_This_ClassVariable.java	5	testcase.AGT115_This_ClassVariable		@Mutable AGT115_This_ClassVariable
/home/vagrant/immutability-benchmark/testcases/source/AGT/AGT115_This_ClassVariable/src/testcase/AGT115_This_ClassVariable.java	7	test		@Readonly Test
/home/vagrant/immutability-benchmark/testcases/source/AGT/AGT115_This_ClassVariable/src/testcase/AGT115_This_ClassVariable.java	10	args		@Readonly String @Readonly []
/home/vagrant/immutability-benchmark/testcases/source/AGT/AGT115_This_ClassVariable/src/testcase/AGT115_This_ClassVariable.java	10	main(java.lang.String[])-static		@Mutable
/home/vagrant/immutability-benchmark/testcases/source/AGT/AGT115_This_ClassVariable/src/testcase/AGT115_This_ClassVariable.java	10	main(java.lang.String[])		void ([@Readonly String @Readonly []]) @Readonly AGT115_This_ClassVariable
/home/vagrant/immutability-benchmark/testcases/source/AGT/AGT115_This_ClassVariable/src/testcase/AGT115_This_ClassVariable.java	14	foo()-static		@Mutable
/home/vagrant/immutability-benchmark/testcases/source/AGT/AGT115_This_ClassVariable/src/testcase/AGT115_This_ClassVariable.java	14	foo()		void () @Mutable AGT115_This_ClassVariable
/home/vagrant/immutability-benchmark/testcases/source/AGT/AGT115_This_ClassVariable/src/testcase/AGT115_This_ClassVariable.java	22	testcase.Test		@Readonly Test
/home/vagrant/immutability-benchmark/testcases/source/AGT/AGT115_This_ClassVariable/src/testcase/AGT115_This_ClassVariable.java	23	f		@Mutable Object
/home/vagrant/immutability-benchmark/testcases/source/AGT/AGT115_This_ClassVariable/src/testcase/AGT115_This_ClassVariable.java	25	toString()-static		@Readonly
/home/vagrant/immutability-benchmark/testcases/source/AGT/AGT115_This_ClassVariable/src/testcase/AGT115_This_ClassVariable.java	25	toString()		@Readonly String () @Readonly Test
INFO: There are 5 (62.5%) readonly, 1 (12.5%) polyread and 2 (25.0%) mutable references out of 8 references
INFO: Total methods: 3 pure methods: 1(33.333332%)
