/home/vagrant/immutability-benchmark/testcases/source/AGT/AGT139_ObjectInstanceVariable_ParameterInstanceVariable/src/testcase/AGT139_ObjectInstanceVariable_ParameterInstanceVariable.java	6	testcase.AGT139_ObjectInstanceVariable_ParameterInstanceVariable		@Mutable AGT139_ObjectInstanceVariable_ParameterInstanceVariable
/home/vagrant/immutability-benchmark/testcases/source/AGT/AGT139_ObjectInstanceVariable_ParameterInstanceVariable/src/testcase/AGT139_ObjectInstanceVariable_ParameterInstanceVariable.java	8	f1		@Readonly Object
/home/vagrant/immutability-benchmark/testcases/source/AGT/AGT139_ObjectInstanceVariable_ParameterInstanceVariable/src/testcase/AGT139_ObjectInstanceVariable_ParameterInstanceVariable.java	11	f2		@Readonly Object
/home/vagrant/immutability-benchmark/testcases/source/AGT/AGT139_ObjectInstanceVariable_ParameterInstanceVariable/src/testcase/AGT139_ObjectInstanceVariable_ParameterInstanceVariable.java	14	toString()-static		@Readonly
/home/vagrant/immutability-benchmark/testcases/source/AGT/AGT139_ObjectInstanceVariable_ParameterInstanceVariable/src/testcase/AGT139_ObjectInstanceVariable_ParameterInstanceVariable.java	14	toString()		@Readonly String () @Readonly AGT139_ObjectInstanceVariable_ParameterInstanceVariable
/home/vagrant/immutability-benchmark/testcases/source/AGT/AGT139_ObjectInstanceVariable_ParameterInstanceVariable/src/testcase/AGT139_ObjectInstanceVariable_ParameterInstanceVariable.java	19	args		@Readonly String @Readonly []
/home/vagrant/immutability-benchmark/testcases/source/AGT/AGT139_ObjectInstanceVariable_ParameterInstanceVariable/src/testcase/AGT139_ObjectInstanceVariable_ParameterInstanceVariable.java	19	main(java.lang.String[])-static		@Mutable
/home/vagrant/immutability-benchmark/testcases/source/AGT/AGT139_ObjectInstanceVariable_ParameterInstanceVariable/src/testcase/AGT139_ObjectInstanceVariable_ParameterInstanceVariable.java	19	main(java.lang.String[])		void ([@Readonly String @Readonly []]) @Readonly AGT139_ObjectInstanceVariable_ParameterInstanceVariable
/home/vagrant/immutability-benchmark/testcases/source/AGT/AGT139_ObjectInstanceVariable_ParameterInstanceVariable/src/testcase/AGT139_ObjectInstanceVariable_ParameterInstanceVariable.java	20	a		@Mutable AGT139_ObjectInstanceVariable_ParameterInstanceVariable
/home/vagrant/immutability-benchmark/testcases/source/AGT/AGT139_ObjectInstanceVariable_ParameterInstanceVariable/src/testcase/AGT139_ObjectInstanceVariable_ParameterInstanceVariable.java	26	foo(testcase.AGT139_ObjectInstanceVariable_ParameterInstanceVariable)-static		@Readonly
/home/vagrant/immutability-benchmark/testcases/source/AGT/AGT139_ObjectInstanceVariable_ParameterInstanceVariable/src/testcase/AGT139_ObjectInstanceVariable_ParameterInstanceVariable.java	26	foo(testcase.AGT139_ObjectInstanceVariable_ParameterInstanceVariable)		void ([@Mutable AGT139_ObjectInstanceVariable_ParameterInstanceVariable]) @Readonly AGT139_ObjectInstanceVariable_ParameterInstanceVariable
/home/vagrant/immutability-benchmark/testcases/source/AGT/AGT139_ObjectInstanceVariable_ParameterInstanceVariable/src/testcase/AGT139_ObjectInstanceVariable_ParameterInstanceVariable.java	26	p		@Mutable AGT139_ObjectInstanceVariable_ParameterInstanceVariable
/home/vagrant/immutability-benchmark/testcases/source/AGT/AGT139_ObjectInstanceVariable_ParameterInstanceVariable/src/testcase/AGT139_ObjectInstanceVariable_ParameterInstanceVariable.java	27	b		@Readonly AGT139_ObjectInstanceVariable_ParameterInstanceVariable
INFO: There are 7 (70.0%) readonly, 0 (0.0%) polyread and 3 (30.000002%) mutable references out of 10 references
INFO: Total methods: 3 pure methods: 1(33.333332%)
