/home/vagrant/immutability-benchmark/testcases/source/AGT/AGT139_ObjectInstanceVariable_ParameterInstanceVariable/src/testcase/AGT139_ObjectInstanceVariable_ParameterInstanceVariable.java	5	testcase.AGT139_ObjectInstanceVariable_ParameterInstanceVariable		@Mutable AGT139_ObjectInstanceVariable_ParameterInstanceVariable
/home/vagrant/immutability-benchmark/testcases/source/AGT/AGT139_ObjectInstanceVariable_ParameterInstanceVariable/src/testcase/AGT139_ObjectInstanceVariable_ParameterInstanceVariable.java	7	test		@Mutable Test
/home/vagrant/immutability-benchmark/testcases/source/AGT/AGT139_ObjectInstanceVariable_ParameterInstanceVariable/src/testcase/AGT139_ObjectInstanceVariable_ParameterInstanceVariable.java	10	args		@Readonly String @Readonly []
/home/vagrant/immutability-benchmark/testcases/source/AGT/AGT139_ObjectInstanceVariable_ParameterInstanceVariable/src/testcase/AGT139_ObjectInstanceVariable_ParameterInstanceVariable.java	10	main(java.lang.String[])-static		@Mutable
/home/vagrant/immutability-benchmark/testcases/source/AGT/AGT139_ObjectInstanceVariable_ParameterInstanceVariable/src/testcase/AGT139_ObjectInstanceVariable_ParameterInstanceVariable.java	10	main(java.lang.String[])		void ([@Readonly String @Readonly []]) @Readonly AGT139_ObjectInstanceVariable_ParameterInstanceVariable
/home/vagrant/immutability-benchmark/testcases/source/AGT/AGT139_ObjectInstanceVariable_ParameterInstanceVariable/src/testcase/AGT139_ObjectInstanceVariable_ParameterInstanceVariable.java	14	foo()-static		@Mutable
/home/vagrant/immutability-benchmark/testcases/source/AGT/AGT139_ObjectInstanceVariable_ParameterInstanceVariable/src/testcase/AGT139_ObjectInstanceVariable_ParameterInstanceVariable.java	14	foo()		void () @Mutable AGT139_ObjectInstanceVariable_ParameterInstanceVariable
/home/vagrant/immutability-benchmark/testcases/source/AGT/AGT139_ObjectInstanceVariable_ParameterInstanceVariable/src/testcase/AGT139_ObjectInstanceVariable_ParameterInstanceVariable.java	22	testcase.Test		@Mutable Test
/home/vagrant/immutability-benchmark/testcases/source/AGT/AGT139_ObjectInstanceVariable_ParameterInstanceVariable/src/testcase/AGT139_ObjectInstanceVariable_ParameterInstanceVariable.java	23	f		@Readonly Object
/home/vagrant/immutability-benchmark/testcases/source/AGT/AGT139_ObjectInstanceVariable_ParameterInstanceVariable/src/testcase/AGT139_ObjectInstanceVariable_ParameterInstanceVariable.java	25	bar(testcase.Test)-static		@Readonly
/home/vagrant/immutability-benchmark/testcases/source/AGT/AGT139_ObjectInstanceVariable_ParameterInstanceVariable/src/testcase/AGT139_ObjectInstanceVariable_ParameterInstanceVariable.java	25	bar(testcase.Test)		void ([@Mutable Test]) @Readonly Test
/home/vagrant/immutability-benchmark/testcases/source/AGT/AGT139_ObjectInstanceVariable_ParameterInstanceVariable/src/testcase/AGT139_ObjectInstanceVariable_ParameterInstanceVariable.java	25	p		@Mutable Test
/home/vagrant/immutability-benchmark/testcases/source/AGT/AGT139_ObjectInstanceVariable_ParameterInstanceVariable/src/testcase/AGT139_ObjectInstanceVariable_ParameterInstanceVariable.java	26	o		@Readonly Test
/home/vagrant/immutability-benchmark/testcases/source/AGT/AGT139_ObjectInstanceVariable_ParameterInstanceVariable/src/testcase/AGT139_ObjectInstanceVariable_ParameterInstanceVariable.java	30	toString()-static		@Readonly
/home/vagrant/immutability-benchmark/testcases/source/AGT/AGT139_ObjectInstanceVariable_ParameterInstanceVariable/src/testcase/AGT139_ObjectInstanceVariable_ParameterInstanceVariable.java	30	toString()		@Readonly String () @Readonly Test
INFO: There are 6 (54.545456%) readonly, 1 (9.090909%) polyread and 4 (36.363636%) mutable references out of 11 references
INFO: Total methods: 4 pure methods: 1(25.0%)
