/home/vagrant/immutability-benchmark/testcases/source/AGT/AGT027_CharLiteral_Parameter/src/testcase/AGT027_CharLiteral_Parameter.java	5	testcase.AGT027_CharLiteral_Parameter		@Mutable AGT027_CharLiteral_Parameter
/home/vagrant/immutability-benchmark/testcases/source/AGT/AGT027_CharLiteral_Parameter/src/testcase/AGT027_CharLiteral_Parameter.java	7	f		@Readonly Object
/home/vagrant/immutability-benchmark/testcases/source/AGT/AGT027_CharLiteral_Parameter/src/testcase/AGT027_CharLiteral_Parameter.java	10	toString()-static		@Readonly
/home/vagrant/immutability-benchmark/testcases/source/AGT/AGT027_CharLiteral_Parameter/src/testcase/AGT027_CharLiteral_Parameter.java	10	toString()		@Readonly String () @Readonly AGT027_CharLiteral_Parameter
/home/vagrant/immutability-benchmark/testcases/source/AGT/AGT027_CharLiteral_Parameter/src/testcase/AGT027_CharLiteral_Parameter.java	15	args		@Readonly String @Readonly []
/home/vagrant/immutability-benchmark/testcases/source/AGT/AGT027_CharLiteral_Parameter/src/testcase/AGT027_CharLiteral_Parameter.java	15	main(java.lang.String[])-static		@Mutable
/home/vagrant/immutability-benchmark/testcases/source/AGT/AGT027_CharLiteral_Parameter/src/testcase/AGT027_CharLiteral_Parameter.java	15	main(java.lang.String[])		void ([@Readonly String @Readonly []]) @Readonly AGT027_CharLiteral_Parameter
/home/vagrant/immutability-benchmark/testcases/source/AGT/AGT027_CharLiteral_Parameter/src/testcase/AGT027_CharLiteral_Parameter.java	16	test		@Readonly AGT027_CharLiteral_Parameter
/home/vagrant/immutability-benchmark/testcases/source/AGT/AGT027_CharLiteral_Parameter/src/testcase/AGT027_CharLiteral_Parameter.java	22	foo(java.lang.Object)-static		@Readonly
/home/vagrant/immutability-benchmark/testcases/source/AGT/AGT027_CharLiteral_Parameter/src/testcase/AGT027_CharLiteral_Parameter.java	22	foo(java.lang.Object)		void ([@Readonly Object]) @Readonly AGT027_CharLiteral_Parameter
/home/vagrant/immutability-benchmark/testcases/source/AGT/AGT027_CharLiteral_Parameter/src/testcase/AGT027_CharLiteral_Parameter.java	22	p		@Readonly Object
INFO: There are 7 (87.5%) readonly, 0 (0.0%) polyread and 1 (12.5%) mutable references out of 8 references
INFO: Total methods: 3 pure methods: 2(66.666664%)
