/home/vagrant/immutability-benchmark/testcases/source/AGT/AGT053_LongLiteral_ThisInstanceVariable/src/testcase/AGT053_LongLiteral_ThisInstanceVariable.java	5	testcase.AGT053_LongLiteral_ThisInstanceVariable		@Mutable AGT053_LongLiteral_ThisInstanceVariable
/home/vagrant/immutability-benchmark/testcases/source/AGT/AGT053_LongLiteral_ThisInstanceVariable/src/testcase/AGT053_LongLiteral_ThisInstanceVariable.java	7	f		@Readonly Object
/home/vagrant/immutability-benchmark/testcases/source/AGT/AGT053_LongLiteral_ThisInstanceVariable/src/testcase/AGT053_LongLiteral_ThisInstanceVariable.java	10	toString()-static		@Readonly
/home/vagrant/immutability-benchmark/testcases/source/AGT/AGT053_LongLiteral_ThisInstanceVariable/src/testcase/AGT053_LongLiteral_ThisInstanceVariable.java	10	toString()		@Readonly String () @Readonly AGT053_LongLiteral_ThisInstanceVariable
/home/vagrant/immutability-benchmark/testcases/source/AGT/AGT053_LongLiteral_ThisInstanceVariable/src/testcase/AGT053_LongLiteral_ThisInstanceVariable.java	15	foo()-static		@Mutable
/home/vagrant/immutability-benchmark/testcases/source/AGT/AGT053_LongLiteral_ThisInstanceVariable/src/testcase/AGT053_LongLiteral_ThisInstanceVariable.java	15	foo()		void () @Mutable AGT053_LongLiteral_ThisInstanceVariable
/home/vagrant/immutability-benchmark/testcases/source/AGT/AGT053_LongLiteral_ThisInstanceVariable/src/testcase/AGT053_LongLiteral_ThisInstanceVariable.java	21	args		@Readonly String @Readonly []
/home/vagrant/immutability-benchmark/testcases/source/AGT/AGT053_LongLiteral_ThisInstanceVariable/src/testcase/AGT053_LongLiteral_ThisInstanceVariable.java	21	main(java.lang.String[])-static		@Mutable
/home/vagrant/immutability-benchmark/testcases/source/AGT/AGT053_LongLiteral_ThisInstanceVariable/src/testcase/AGT053_LongLiteral_ThisInstanceVariable.java	21	main(java.lang.String[])		void ([@Readonly String @Readonly []]) @Readonly AGT053_LongLiteral_ThisInstanceVariable
/home/vagrant/immutability-benchmark/testcases/source/AGT/AGT053_LongLiteral_ThisInstanceVariable/src/testcase/AGT053_LongLiteral_ThisInstanceVariable.java	22	test		@Mutable AGT053_LongLiteral_ThisInstanceVariable
INFO: There are 4 (57.14286%) readonly, 0 (0.0%) polyread and 3 (42.857143%) mutable references out of 7 references
INFO: Total methods: 3 pure methods: 1(33.333332%)
