/home/vagrant/immutability-benchmark/testcases/source/AGT/AGT040_ShortLiteral_ParameterInstanceVariableArrayComponent/src/testcase/AGT040_ShortLiteral_ParameterInstanceVariableArrayComponent.java	7	testcase.AGT040_ShortLiteral_ParameterInstanceVariableArrayComponent		@Mutable AGT040_ShortLiteral_ParameterInstanceVariableArrayComponent
/home/vagrant/immutability-benchmark/testcases/source/AGT/AGT040_ShortLiteral_ParameterInstanceVariableArrayComponent/src/testcase/AGT040_ShortLiteral_ParameterInstanceVariableArrayComponent.java	9	test		@Mutable Test
/home/vagrant/immutability-benchmark/testcases/source/AGT/AGT040_ShortLiteral_ParameterInstanceVariableArrayComponent/src/testcase/AGT040_ShortLiteral_ParameterInstanceVariableArrayComponent.java	12	args		@Readonly String @Readonly []
/home/vagrant/immutability-benchmark/testcases/source/AGT/AGT040_ShortLiteral_ParameterInstanceVariableArrayComponent/src/testcase/AGT040_ShortLiteral_ParameterInstanceVariableArrayComponent.java	12	main(java.lang.String[])-static		@Mutable
/home/vagrant/immutability-benchmark/testcases/source/AGT/AGT040_ShortLiteral_ParameterInstanceVariableArrayComponent/src/testcase/AGT040_ShortLiteral_ParameterInstanceVariableArrayComponent.java	12	main(java.lang.String[])		void ([@Readonly String @Readonly []]) @Readonly AGT040_ShortLiteral_ParameterInstanceVariableArrayComponent
/home/vagrant/immutability-benchmark/testcases/source/AGT/AGT040_ShortLiteral_ParameterInstanceVariableArrayComponent/src/testcase/AGT040_ShortLiteral_ParameterInstanceVariableArrayComponent.java	16	foo()-static		@Mutable
/home/vagrant/immutability-benchmark/testcases/source/AGT/AGT040_ShortLiteral_ParameterInstanceVariableArrayComponent/src/testcase/AGT040_ShortLiteral_ParameterInstanceVariableArrayComponent.java	16	foo()		void () @Mutable AGT040_ShortLiteral_ParameterInstanceVariableArrayComponent
/home/vagrant/immutability-benchmark/testcases/source/AGT/AGT040_ShortLiteral_ParameterInstanceVariableArrayComponent/src/testcase/AGT040_ShortLiteral_ParameterInstanceVariableArrayComponent.java	24	testcase.Test		@Mutable Test
/home/vagrant/immutability-benchmark/testcases/source/AGT/AGT040_ShortLiteral_ParameterInstanceVariableArrayComponent/src/testcase/AGT040_ShortLiteral_ParameterInstanceVariableArrayComponent.java	25	f		@Readonly Object @Mutable []
/home/vagrant/immutability-benchmark/testcases/source/AGT/AGT040_ShortLiteral_ParameterInstanceVariableArrayComponent/src/testcase/AGT040_ShortLiteral_ParameterInstanceVariableArrayComponent.java	27	bar(testcase.Test)-static		@Readonly
/home/vagrant/immutability-benchmark/testcases/source/AGT/AGT040_ShortLiteral_ParameterInstanceVariableArrayComponent/src/testcase/AGT040_ShortLiteral_ParameterInstanceVariableArrayComponent.java	27	bar(testcase.Test)		void ([@Mutable Test]) @Readonly Test
/home/vagrant/immutability-benchmark/testcases/source/AGT/AGT040_ShortLiteral_ParameterInstanceVariableArrayComponent/src/testcase/AGT040_ShortLiteral_ParameterInstanceVariableArrayComponent.java	27	p		@Mutable Test
/home/vagrant/immutability-benchmark/testcases/source/AGT/AGT040_ShortLiteral_ParameterInstanceVariableArrayComponent/src/testcase/AGT040_ShortLiteral_ParameterInstanceVariableArrayComponent.java	31	toString()-static		@Readonly
/home/vagrant/immutability-benchmark/testcases/source/AGT/AGT040_ShortLiteral_ParameterInstanceVariableArrayComponent/src/testcase/AGT040_ShortLiteral_ParameterInstanceVariableArrayComponent.java	31	toString()		@Readonly String () @Readonly Test
INFO: There are 4 (40.0%) readonly, 2 (20.0%) polyread and 4 (40.0%) mutable references out of 10 references
INFO: Total methods: 4 pure methods: 1(25.0%)
