/home/vagrant/immutability-benchmark/testcases/source/AGT/AGT130_Enum_ParameterInstanceVariableArrayComponent/src/testcase/AGT130_Enum_ParameterInstanceVariableArrayComponent.java	9	A		@Mutable AGT130_Enum_ParameterInstanceVariableArrayComponent
/home/vagrant/immutability-benchmark/testcases/source/AGT/AGT130_Enum_ParameterInstanceVariableArrayComponent/src/testcase/AGT130_Enum_ParameterInstanceVariableArrayComponent.java	9	B		@Mutable AGT130_Enum_ParameterInstanceVariableArrayComponent
/home/vagrant/immutability-benchmark/testcases/source/AGT/AGT130_Enum_ParameterInstanceVariableArrayComponent/src/testcase/AGT130_Enum_ParameterInstanceVariableArrayComponent.java	11	f		@Readonly Object @Mutable []
/home/vagrant/immutability-benchmark/testcases/source/AGT/AGT130_Enum_ParameterInstanceVariableArrayComponent/src/testcase/AGT130_Enum_ParameterInstanceVariableArrayComponent.java	14	toString()-static		@Readonly
/home/vagrant/immutability-benchmark/testcases/source/AGT/AGT130_Enum_ParameterInstanceVariableArrayComponent/src/testcase/AGT130_Enum_ParameterInstanceVariableArrayComponent.java	14	toString()		@Readonly String () @Readonly AGT130_Enum_ParameterInstanceVariableArrayComponent
/home/vagrant/immutability-benchmark/testcases/source/AGT/AGT130_Enum_ParameterInstanceVariableArrayComponent/src/testcase/AGT130_Enum_ParameterInstanceVariableArrayComponent.java	19	args		@Readonly String @Readonly []
/home/vagrant/immutability-benchmark/testcases/source/AGT/AGT130_Enum_ParameterInstanceVariableArrayComponent/src/testcase/AGT130_Enum_ParameterInstanceVariableArrayComponent.java	19	main(java.lang.String[])-static		@Mutable
/home/vagrant/immutability-benchmark/testcases/source/AGT/AGT130_Enum_ParameterInstanceVariableArrayComponent/src/testcase/AGT130_Enum_ParameterInstanceVariableArrayComponent.java	19	main(java.lang.String[])		void ([@Readonly String @Readonly []]) @Readonly AGT130_Enum_ParameterInstanceVariableArrayComponent
/home/vagrant/immutability-benchmark/testcases/source/AGT/AGT130_Enum_ParameterInstanceVariableArrayComponent/src/testcase/AGT130_Enum_ParameterInstanceVariableArrayComponent.java	20	test		@Mutable AGT130_Enum_ParameterInstanceVariableArrayComponent
/home/vagrant/immutability-benchmark/testcases/source/AGT/AGT130_Enum_ParameterInstanceVariableArrayComponent/src/testcase/AGT130_Enum_ParameterInstanceVariableArrayComponent.java	26	foo(testcase.AGT130_Enum_ParameterInstanceVariableArrayComponent)-static		@Readonly
/home/vagrant/immutability-benchmark/testcases/source/AGT/AGT130_Enum_ParameterInstanceVariableArrayComponent/src/testcase/AGT130_Enum_ParameterInstanceVariableArrayComponent.java	26	foo(testcase.AGT130_Enum_ParameterInstanceVariableArrayComponent)		void ([@Mutable AGT130_Enum_ParameterInstanceVariableArrayComponent]) @Readonly AGT130_Enum_ParameterInstanceVariableArrayComponent
/home/vagrant/immutability-benchmark/testcases/source/AGT/AGT130_Enum_ParameterInstanceVariableArrayComponent/src/testcase/AGT130_Enum_ParameterInstanceVariableArrayComponent.java	26	p		@Mutable AGT130_Enum_ParameterInstanceVariableArrayComponent
INFO: There are 4 (44.444447%) readonly, 1 (11.111112%) polyread and 4 (44.444447%) mutable references out of 9 references
INFO: Total methods: 3 pure methods: 1(33.333332%)
