/home/vagrant/immutability-benchmark/testcases/source/AGT/AGT130_Enum_ParameterInstanceVariableArrayComponent/src/testcase/AGT130_Enum_ParameterInstanceVariableArrayComponent.java	7	testcase.AGT130_Enum_ParameterInstanceVariableArrayComponent		@Mutable AGT130_Enum_ParameterInstanceVariableArrayComponent
/home/vagrant/immutability-benchmark/testcases/source/AGT/AGT130_Enum_ParameterInstanceVariableArrayComponent/src/testcase/AGT130_Enum_ParameterInstanceVariableArrayComponent.java	9	test		@Mutable Test
/home/vagrant/immutability-benchmark/testcases/source/AGT/AGT130_Enum_ParameterInstanceVariableArrayComponent/src/testcase/AGT130_Enum_ParameterInstanceVariableArrayComponent.java	12	args		@Readonly String @Readonly []
/home/vagrant/immutability-benchmark/testcases/source/AGT/AGT130_Enum_ParameterInstanceVariableArrayComponent/src/testcase/AGT130_Enum_ParameterInstanceVariableArrayComponent.java	12	main(java.lang.String[])-static		@Mutable
/home/vagrant/immutability-benchmark/testcases/source/AGT/AGT130_Enum_ParameterInstanceVariableArrayComponent/src/testcase/AGT130_Enum_ParameterInstanceVariableArrayComponent.java	12	main(java.lang.String[])		void ([@Readonly String @Readonly []]) @Readonly AGT130_Enum_ParameterInstanceVariableArrayComponent
/home/vagrant/immutability-benchmark/testcases/source/AGT/AGT130_Enum_ParameterInstanceVariableArrayComponent/src/testcase/AGT130_Enum_ParameterInstanceVariableArrayComponent.java	16	foo()-static		@Mutable
/home/vagrant/immutability-benchmark/testcases/source/AGT/AGT130_Enum_ParameterInstanceVariableArrayComponent/src/testcase/AGT130_Enum_ParameterInstanceVariableArrayComponent.java	16	foo()		void () @Mutable AGT130_Enum_ParameterInstanceVariableArrayComponent
/home/vagrant/immutability-benchmark/testcases/source/AGT/AGT130_Enum_ParameterInstanceVariableArrayComponent/src/testcase/AGT130_Enum_ParameterInstanceVariableArrayComponent.java	25	E		@Mutable Enum
/home/vagrant/immutability-benchmark/testcases/source/AGT/AGT130_Enum_ParameterInstanceVariableArrayComponent/src/testcase/AGT130_Enum_ParameterInstanceVariableArrayComponent.java	28	testcase.Test		@Mutable Test
/home/vagrant/immutability-benchmark/testcases/source/AGT/AGT130_Enum_ParameterInstanceVariableArrayComponent/src/testcase/AGT130_Enum_ParameterInstanceVariableArrayComponent.java	29	f		@Readonly Object @Mutable []
/home/vagrant/immutability-benchmark/testcases/source/AGT/AGT130_Enum_ParameterInstanceVariableArrayComponent/src/testcase/AGT130_Enum_ParameterInstanceVariableArrayComponent.java	31	bar(testcase.Test)-static		@Readonly
/home/vagrant/immutability-benchmark/testcases/source/AGT/AGT130_Enum_ParameterInstanceVariableArrayComponent/src/testcase/AGT130_Enum_ParameterInstanceVariableArrayComponent.java	31	bar(testcase.Test)		void ([@Mutable Test]) @Readonly Test
/home/vagrant/immutability-benchmark/testcases/source/AGT/AGT130_Enum_ParameterInstanceVariableArrayComponent/src/testcase/AGT130_Enum_ParameterInstanceVariableArrayComponent.java	31	p		@Mutable Test
/home/vagrant/immutability-benchmark/testcases/source/AGT/AGT130_Enum_ParameterInstanceVariableArrayComponent/src/testcase/AGT130_Enum_ParameterInstanceVariableArrayComponent.java	35	toString()-static		@Readonly
/home/vagrant/immutability-benchmark/testcases/source/AGT/AGT130_Enum_ParameterInstanceVariableArrayComponent/src/testcase/AGT130_Enum_ParameterInstanceVariableArrayComponent.java	35	toString()		@Readonly String () @Readonly Test
INFO: There are 4 (36.363636%) readonly, 2 (18.181818%) polyread and 5 (45.454548%) mutable references out of 11 references
INFO: Total methods: 4 pure methods: 1(25.0%)
