/home/vagrant/immutability-benchmark/testcases/source/AGT/AGT205_DynamicDispatchReturn_ClassVariable/src/testcase/AGT205_DynamicDispatchReturn_ClassVariable.java	5	testcase.AGT205_DynamicDispatchReturn_ClassVariable		@Mutable AGT205_DynamicDispatchReturn_ClassVariable
/home/vagrant/immutability-benchmark/testcases/source/AGT/AGT205_DynamicDispatchReturn_ClassVariable/src/testcase/AGT205_DynamicDispatchReturn_ClassVariable.java	7	test		@Readonly Test
/home/vagrant/immutability-benchmark/testcases/source/AGT/AGT205_DynamicDispatchReturn_ClassVariable/src/testcase/AGT205_DynamicDispatchReturn_ClassVariable.java	10	bar()-static		@Readonly
/home/vagrant/immutability-benchmark/testcases/source/AGT/AGT205_DynamicDispatchReturn_ClassVariable/src/testcase/AGT205_DynamicDispatchReturn_ClassVariable.java	10	bar()		@Polyread Object () @Readonly AGT205_DynamicDispatchReturn_ClassVariable
/home/vagrant/immutability-benchmark/testcases/source/AGT/AGT205_DynamicDispatchReturn_ClassVariable/src/testcase/AGT205_DynamicDispatchReturn_ClassVariable.java	14	args		@Readonly String @Readonly []
/home/vagrant/immutability-benchmark/testcases/source/AGT/AGT205_DynamicDispatchReturn_ClassVariable/src/testcase/AGT205_DynamicDispatchReturn_ClassVariable.java	14	main(java.lang.String[])-static		@Mutable
/home/vagrant/immutability-benchmark/testcases/source/AGT/AGT205_DynamicDispatchReturn_ClassVariable/src/testcase/AGT205_DynamicDispatchReturn_ClassVariable.java	14	main(java.lang.String[])		void ([@Readonly String @Readonly []]) @Readonly AGT205_DynamicDispatchReturn_ClassVariable
/home/vagrant/immutability-benchmark/testcases/source/AGT/AGT205_DynamicDispatchReturn_ClassVariable/src/testcase/AGT205_DynamicDispatchReturn_ClassVariable.java	18	foo()-static		@Mutable
/home/vagrant/immutability-benchmark/testcases/source/AGT/AGT205_DynamicDispatchReturn_ClassVariable/src/testcase/AGT205_DynamicDispatchReturn_ClassVariable.java	18	foo()		void () @Readonly AGT205_DynamicDispatchReturn_ClassVariable
/home/vagrant/immutability-benchmark/testcases/source/AGT/AGT205_DynamicDispatchReturn_ClassVariable/src/testcase/AGT205_DynamicDispatchReturn_ClassVariable.java	26	testcase.Test		@Readonly Test
/home/vagrant/immutability-benchmark/testcases/source/AGT/AGT205_DynamicDispatchReturn_ClassVariable/src/testcase/AGT205_DynamicDispatchReturn_ClassVariable.java	27	f		@Mutable Object
/home/vagrant/immutability-benchmark/testcases/source/AGT/AGT205_DynamicDispatchReturn_ClassVariable/src/testcase/AGT205_DynamicDispatchReturn_ClassVariable.java	29	toString()-static		@Readonly
/home/vagrant/immutability-benchmark/testcases/source/AGT/AGT205_DynamicDispatchReturn_ClassVariable/src/testcase/AGT205_DynamicDispatchReturn_ClassVariable.java	29	toString()		@Readonly String () @Readonly Test
INFO: There are 7 (70.0%) readonly, 2 (20.0%) polyread and 1 (10.0%) mutable references out of 10 references
INFO: Total methods: 4 pure methods: 2(50.0%)
