/home/vagrant/immutability-benchmark/testcases/source/AGT/AGT205_DynamicDispatchReturn_ClassVariable/src/testcase/AGT205_DynamicDispatchReturn_ClassVariable.java	5	testcase.AGT205_DynamicDispatchReturn_ClassVariable		@Readonly AGT205_DynamicDispatchReturn_ClassVariable
/home/vagrant/immutability-benchmark/testcases/source/AGT/AGT205_DynamicDispatchReturn_ClassVariable/src/testcase/AGT205_DynamicDispatchReturn_ClassVariable.java	7	f		@Mutable Object
/home/vagrant/immutability-benchmark/testcases/source/AGT/AGT205_DynamicDispatchReturn_ClassVariable/src/testcase/AGT205_DynamicDispatchReturn_ClassVariable.java	10	toString()-static		@Mutable
/home/vagrant/immutability-benchmark/testcases/source/AGT/AGT205_DynamicDispatchReturn_ClassVariable/src/testcase/AGT205_DynamicDispatchReturn_ClassVariable.java	10	toString()		@Readonly String () @Readonly AGT205_DynamicDispatchReturn_ClassVariable
/home/vagrant/immutability-benchmark/testcases/source/AGT/AGT205_DynamicDispatchReturn_ClassVariable/src/testcase/AGT205_DynamicDispatchReturn_ClassVariable.java	15	args		@Readonly String @Readonly []
/home/vagrant/immutability-benchmark/testcases/source/AGT/AGT205_DynamicDispatchReturn_ClassVariable/src/testcase/AGT205_DynamicDispatchReturn_ClassVariable.java	15	main(java.lang.String[])-static		@Mutable
/home/vagrant/immutability-benchmark/testcases/source/AGT/AGT205_DynamicDispatchReturn_ClassVariable/src/testcase/AGT205_DynamicDispatchReturn_ClassVariable.java	15	main(java.lang.String[])		void ([@Readonly String @Readonly []]) @Readonly AGT205_DynamicDispatchReturn_ClassVariable
/home/vagrant/immutability-benchmark/testcases/source/AGT/AGT205_DynamicDispatchReturn_ClassVariable/src/testcase/AGT205_DynamicDispatchReturn_ClassVariable.java	16	test		@Readonly AGT205_DynamicDispatchReturn_ClassVariable
/home/vagrant/immutability-benchmark/testcases/source/AGT/AGT205_DynamicDispatchReturn_ClassVariable/src/testcase/AGT205_DynamicDispatchReturn_ClassVariable.java	22	bar()-static		@Readonly
/home/vagrant/immutability-benchmark/testcases/source/AGT/AGT205_DynamicDispatchReturn_ClassVariable/src/testcase/AGT205_DynamicDispatchReturn_ClassVariable.java	22	bar()		@Polyread Object () @Readonly AGT205_DynamicDispatchReturn_ClassVariable
INFO: There are 6 (75.0%) readonly, 2 (25.0%) polyread and 0 (0.0%) mutable references out of 8 references
INFO: Total methods: 3 pure methods: 2(66.666664%)
