/home/vagrant/immutability-benchmark/testcases/source/ST/ST_001/src/testcase/ST_001.java	7	testcase.ST_001		@Mutable ST_001
/home/vagrant/immutability-benchmark/testcases/source/ST/ST_001/src/testcase/ST_001.java	9	test		@Mutable Test
/home/vagrant/immutability-benchmark/testcases/source/ST/ST_001/src/testcase/ST_001.java	12	args		@Readonly String @Readonly []
/home/vagrant/immutability-benchmark/testcases/source/ST/ST_001/src/testcase/ST_001.java	12	main(java.lang.String[])-static		@Mutable
/home/vagrant/immutability-benchmark/testcases/source/ST/ST_001/src/testcase/ST_001.java	12	main(java.lang.String[])		void ([@Readonly String @Readonly []]) @Readonly ST_001
/home/vagrant/immutability-benchmark/testcases/source/ST/ST_001/src/testcase/ST_001.java	16	foo()-static		@Mutable
/home/vagrant/immutability-benchmark/testcases/source/ST/ST_001/src/testcase/ST_001.java	16	foo()		void () @Mutable ST_001
/home/vagrant/immutability-benchmark/testcases/source/ST/ST_001/src/testcase/ST_001.java	24	testcase.Test		@Mutable Test
/home/vagrant/immutability-benchmark/testcases/source/ST/ST_001/src/testcase/ST_001.java	25	f		@Readonly Object @Readonly []
/home/vagrant/immutability-benchmark/testcases/source/ST/ST_001/src/testcase/ST_001.java	27	bar(testcase.Test)-static		@Readonly
/home/vagrant/immutability-benchmark/testcases/source/ST/ST_001/src/testcase/ST_001.java	27	bar(testcase.Test)		void ([@Mutable Test]) @Readonly Test
/home/vagrant/immutability-benchmark/testcases/source/ST/ST_001/src/testcase/ST_001.java	27	p		@Mutable Test
/home/vagrant/immutability-benchmark/testcases/source/ST/ST_001/src/testcase/ST_001.java	31	toString()-static		@Readonly
/home/vagrant/immutability-benchmark/testcases/source/ST/ST_001/src/testcase/ST_001.java	31	toString()		@Readonly String () @Readonly Test
INFO: There are 5 (50.0%) readonly, 1 (10.0%) polyread and 4 (40.0%) mutable references out of 10 references
INFO: Total methods: 4 pure methods: 1(25.0%)
