/home/vagrant/immutability-benchmark/testcases/source/AGT/AGT188_ClassVariableArrayComponent_ParameterArrayComponent/src/testcase/AGT188_ClassVariableArrayComponent_ParameterArrayComponent.java	8	testcase.AGT188_ClassVariableArrayComponent_ParameterArrayComponent		@Mutable AGT188_ClassVariableArrayComponent_ParameterArrayComponent
/home/vagrant/immutability-benchmark/testcases/source/AGT/AGT188_ClassVariableArrayComponent_ParameterArrayComponent/src/testcase/AGT188_ClassVariableArrayComponent_ParameterArrayComponent.java	10	test		@Mutable Test
/home/vagrant/immutability-benchmark/testcases/source/AGT/AGT188_ClassVariableArrayComponent_ParameterArrayComponent/src/testcase/AGT188_ClassVariableArrayComponent_ParameterArrayComponent.java	13	args		@Readonly String @Readonly []
/home/vagrant/immutability-benchmark/testcases/source/AGT/AGT188_ClassVariableArrayComponent_ParameterArrayComponent/src/testcase/AGT188_ClassVariableArrayComponent_ParameterArrayComponent.java	13	main(java.lang.String[])-static		@Mutable
/home/vagrant/immutability-benchmark/testcases/source/AGT/AGT188_ClassVariableArrayComponent_ParameterArrayComponent/src/testcase/AGT188_ClassVariableArrayComponent_ParameterArrayComponent.java	13	main(java.lang.String[])		void ([@Readonly String @Readonly []]) @Readonly AGT188_ClassVariableArrayComponent_ParameterArrayComponent
/home/vagrant/immutability-benchmark/testcases/source/AGT/AGT188_ClassVariableArrayComponent_ParameterArrayComponent/src/testcase/AGT188_ClassVariableArrayComponent_ParameterArrayComponent.java	17	foo()-static		@Mutable
/home/vagrant/immutability-benchmark/testcases/source/AGT/AGT188_ClassVariableArrayComponent_ParameterArrayComponent/src/testcase/AGT188_ClassVariableArrayComponent_ParameterArrayComponent.java	17	foo()		void () @Mutable AGT188_ClassVariableArrayComponent_ParameterArrayComponent
/home/vagrant/immutability-benchmark/testcases/source/AGT/AGT188_ClassVariableArrayComponent_ParameterArrayComponent/src/testcase/AGT188_ClassVariableArrayComponent_ParameterArrayComponent.java	25	testcase.Test		@Mutable Test
/home/vagrant/immutability-benchmark/testcases/source/AGT/AGT188_ClassVariableArrayComponent_ParameterArrayComponent/src/testcase/AGT188_ClassVariableArrayComponent_ParameterArrayComponent.java	26	f1		@Readonly Object @Mutable []
/home/vagrant/immutability-benchmark/testcases/source/AGT/AGT188_ClassVariableArrayComponent_ParameterArrayComponent/src/testcase/AGT188_ClassVariableArrayComponent_ParameterArrayComponent.java	27	f2		@Readonly Object @Readonly []
/home/vagrant/immutability-benchmark/testcases/source/AGT/AGT188_ClassVariableArrayComponent_ParameterArrayComponent/src/testcase/AGT188_ClassVariableArrayComponent_ParameterArrayComponent.java	29	bar(java.lang.Object[])-static		@Readonly
/home/vagrant/immutability-benchmark/testcases/source/AGT/AGT188_ClassVariableArrayComponent_ParameterArrayComponent/src/testcase/AGT188_ClassVariableArrayComponent_ParameterArrayComponent.java	29	bar(java.lang.Object[])		void ([@Readonly Object @Mutable []]) @Readonly Test
/home/vagrant/immutability-benchmark/testcases/source/AGT/AGT188_ClassVariableArrayComponent_ParameterArrayComponent/src/testcase/AGT188_ClassVariableArrayComponent_ParameterArrayComponent.java	29	p		@Readonly Object @Mutable []
/home/vagrant/immutability-benchmark/testcases/source/AGT/AGT188_ClassVariableArrayComponent_ParameterArrayComponent/src/testcase/AGT188_ClassVariableArrayComponent_ParameterArrayComponent.java	33	toString()-static		@Readonly
/home/vagrant/immutability-benchmark/testcases/source/AGT/AGT188_ClassVariableArrayComponent_ParameterArrayComponent/src/testcase/AGT188_ClassVariableArrayComponent_ParameterArrayComponent.java	33	toString()		@Readonly String () @Readonly Test
INFO: There are 5 (45.454548%) readonly, 2 (18.181818%) polyread and 4 (36.363636%) mutable references out of 11 references
INFO: Total methods: 4 pure methods: 1(25.0%)
