/home/vagrant/immutability-benchmark/testcases/source/AGT/AGT188_ClassVariableArrayComponent_ParameterArrayComponent/src/testcase/AGT188_ClassVariableArrayComponent_ParameterArrayComponent.java	8	testcase.AGT188_ClassVariableArrayComponent_ParameterArrayComponent		@Mutable AGT188_ClassVariableArrayComponent_ParameterArrayComponent
/home/vagrant/immutability-benchmark/testcases/source/AGT/AGT188_ClassVariableArrayComponent_ParameterArrayComponent/src/testcase/AGT188_ClassVariableArrayComponent_ParameterArrayComponent.java	10	f1		@Readonly Object @Mutable []
/home/vagrant/immutability-benchmark/testcases/source/AGT/AGT188_ClassVariableArrayComponent_ParameterArrayComponent/src/testcase/AGT188_ClassVariableArrayComponent_ParameterArrayComponent.java	13	f2		@Readonly Object @Readonly []
/home/vagrant/immutability-benchmark/testcases/source/AGT/AGT188_ClassVariableArrayComponent_ParameterArrayComponent/src/testcase/AGT188_ClassVariableArrayComponent_ParameterArrayComponent.java	16	toString()-static		@Readonly
/home/vagrant/immutability-benchmark/testcases/source/AGT/AGT188_ClassVariableArrayComponent_ParameterArrayComponent/src/testcase/AGT188_ClassVariableArrayComponent_ParameterArrayComponent.java	16	toString()		@Readonly String () @Readonly AGT188_ClassVariableArrayComponent_ParameterArrayComponent
/home/vagrant/immutability-benchmark/testcases/source/AGT/AGT188_ClassVariableArrayComponent_ParameterArrayComponent/src/testcase/AGT188_ClassVariableArrayComponent_ParameterArrayComponent.java	21	args		@Readonly String @Readonly []
/home/vagrant/immutability-benchmark/testcases/source/AGT/AGT188_ClassVariableArrayComponent_ParameterArrayComponent/src/testcase/AGT188_ClassVariableArrayComponent_ParameterArrayComponent.java	21	main(java.lang.String[])-static		@Mutable
/home/vagrant/immutability-benchmark/testcases/source/AGT/AGT188_ClassVariableArrayComponent_ParameterArrayComponent/src/testcase/AGT188_ClassVariableArrayComponent_ParameterArrayComponent.java	21	main(java.lang.String[])		void ([@Readonly String @Readonly []]) @Readonly AGT188_ClassVariableArrayComponent_ParameterArrayComponent
/home/vagrant/immutability-benchmark/testcases/source/AGT/AGT188_ClassVariableArrayComponent_ParameterArrayComponent/src/testcase/AGT188_ClassVariableArrayComponent_ParameterArrayComponent.java	22	a		@Mutable AGT188_ClassVariableArrayComponent_ParameterArrayComponent
/home/vagrant/immutability-benchmark/testcases/source/AGT/AGT188_ClassVariableArrayComponent_ParameterArrayComponent/src/testcase/AGT188_ClassVariableArrayComponent_ParameterArrayComponent.java	28	foo(java.lang.Object[])-static		@Readonly
/home/vagrant/immutability-benchmark/testcases/source/AGT/AGT188_ClassVariableArrayComponent_ParameterArrayComponent/src/testcase/AGT188_ClassVariableArrayComponent_ParameterArrayComponent.java	28	foo(java.lang.Object[])		void ([@Readonly Object @Mutable []]) @Readonly AGT188_ClassVariableArrayComponent_ParameterArrayComponent
/home/vagrant/immutability-benchmark/testcases/source/AGT/AGT188_ClassVariableArrayComponent_ParameterArrayComponent/src/testcase/AGT188_ClassVariableArrayComponent_ParameterArrayComponent.java	28	p		@Readonly Object @Mutable []
INFO: There are 5 (55.555557%) readonly, 1 (11.111112%) polyread and 3 (33.333336%) mutable references out of 9 references
INFO: Total methods: 3 pure methods: 1(33.333332%)
