/home/vagrant/immutability-benchmark/testcases/source/AGT/AGT076_DoubleLiteral_ClassVariableArrayComponent/src/testcase/AGT076_DoubleLiteral_ClassVariableArrayComponent.java	7	testcase.AGT076_DoubleLiteral_ClassVariableArrayComponent		@Readonly AGT076_DoubleLiteral_ClassVariableArrayComponent
/home/vagrant/immutability-benchmark/testcases/source/AGT/AGT076_DoubleLiteral_ClassVariableArrayComponent/src/testcase/AGT076_DoubleLiteral_ClassVariableArrayComponent.java	9	f		@Readonly Object @Mutable []
/home/vagrant/immutability-benchmark/testcases/source/AGT/AGT076_DoubleLiteral_ClassVariableArrayComponent/src/testcase/AGT076_DoubleLiteral_ClassVariableArrayComponent.java	12	toString()-static		@Mutable
/home/vagrant/immutability-benchmark/testcases/source/AGT/AGT076_DoubleLiteral_ClassVariableArrayComponent/src/testcase/AGT076_DoubleLiteral_ClassVariableArrayComponent.java	12	toString()		@Readonly String () @Readonly AGT076_DoubleLiteral_ClassVariableArrayComponent
/home/vagrant/immutability-benchmark/testcases/source/AGT/AGT076_DoubleLiteral_ClassVariableArrayComponent/src/testcase/AGT076_DoubleLiteral_ClassVariableArrayComponent.java	17	args		@Readonly String @Readonly []
/home/vagrant/immutability-benchmark/testcases/source/AGT/AGT076_DoubleLiteral_ClassVariableArrayComponent/src/testcase/AGT076_DoubleLiteral_ClassVariableArrayComponent.java	17	main(java.lang.String[])-static		@Mutable
/home/vagrant/immutability-benchmark/testcases/source/AGT/AGT076_DoubleLiteral_ClassVariableArrayComponent/src/testcase/AGT076_DoubleLiteral_ClassVariableArrayComponent.java	17	main(java.lang.String[])		void ([@Readonly String @Readonly []]) @Readonly AGT076_DoubleLiteral_ClassVariableArrayComponent
/home/vagrant/immutability-benchmark/testcases/source/AGT/AGT076_DoubleLiteral_ClassVariableArrayComponent/src/testcase/AGT076_DoubleLiteral_ClassVariableArrayComponent.java	18	test		@Readonly AGT076_DoubleLiteral_ClassVariableArrayComponent
INFO: There are 5 (83.33333%) readonly, 1 (16.666668%) polyread and 0 (0.0%) mutable references out of 6 references
INFO: Total methods: 2 pure methods: 1(50.0%)
