/home/vagrant/immutability-benchmark/testcases/source/AGT/AGT156_ThisInstanceVariable_ClassVariableArrayComponent/src/testcase/AGT156_ThisInstanceVariable_ClassVariableArrayComponent.java	8	testcase.AGT156_ThisInstanceVariable_ClassVariableArrayComponent		@Mutable AGT156_ThisInstanceVariable_ClassVariableArrayComponent
/home/vagrant/immutability-benchmark/testcases/source/AGT/AGT156_ThisInstanceVariable_ClassVariableArrayComponent/src/testcase/AGT156_ThisInstanceVariable_ClassVariableArrayComponent.java	10	f1		@Readonly Object @Mutable []
/home/vagrant/immutability-benchmark/testcases/source/AGT/AGT156_ThisInstanceVariable_ClassVariableArrayComponent/src/testcase/AGT156_ThisInstanceVariable_ClassVariableArrayComponent.java	13	f2		@Readonly Object
/home/vagrant/immutability-benchmark/testcases/source/AGT/AGT156_ThisInstanceVariable_ClassVariableArrayComponent/src/testcase/AGT156_ThisInstanceVariable_ClassVariableArrayComponent.java	16	toString()-static		@Mutable
/home/vagrant/immutability-benchmark/testcases/source/AGT/AGT156_ThisInstanceVariable_ClassVariableArrayComponent/src/testcase/AGT156_ThisInstanceVariable_ClassVariableArrayComponent.java	16	toString()		@Readonly String () @Readonly AGT156_ThisInstanceVariable_ClassVariableArrayComponent
/home/vagrant/immutability-benchmark/testcases/source/AGT/AGT156_ThisInstanceVariable_ClassVariableArrayComponent/src/testcase/AGT156_ThisInstanceVariable_ClassVariableArrayComponent.java	21	args		@Readonly String @Readonly []
/home/vagrant/immutability-benchmark/testcases/source/AGT/AGT156_ThisInstanceVariable_ClassVariableArrayComponent/src/testcase/AGT156_ThisInstanceVariable_ClassVariableArrayComponent.java	21	main(java.lang.String[])-static		@Mutable
/home/vagrant/immutability-benchmark/testcases/source/AGT/AGT156_ThisInstanceVariable_ClassVariableArrayComponent/src/testcase/AGT156_ThisInstanceVariable_ClassVariableArrayComponent.java	21	main(java.lang.String[])		void ([@Readonly String @Readonly []]) @Readonly AGT156_ThisInstanceVariable_ClassVariableArrayComponent
/home/vagrant/immutability-benchmark/testcases/source/AGT/AGT156_ThisInstanceVariable_ClassVariableArrayComponent/src/testcase/AGT156_ThisInstanceVariable_ClassVariableArrayComponent.java	22	a		@Readonly AGT156_ThisInstanceVariable_ClassVariableArrayComponent
/home/vagrant/immutability-benchmark/testcases/source/AGT/AGT156_ThisInstanceVariable_ClassVariableArrayComponent/src/testcase/AGT156_ThisInstanceVariable_ClassVariableArrayComponent.java	28	foo()-static		@Mutable
/home/vagrant/immutability-benchmark/testcases/source/AGT/AGT156_ThisInstanceVariable_ClassVariableArrayComponent/src/testcase/AGT156_ThisInstanceVariable_ClassVariableArrayComponent.java	28	foo()		void () @Readonly AGT156_ThisInstanceVariable_ClassVariableArrayComponent
INFO: There are 6 (75.0%) readonly, 1 (12.5%) polyread and 1 (12.5%) mutable references out of 8 references
INFO: Total methods: 3 pure methods: 1(33.333332%)
