/home/vagrant/immutability-benchmark/testcases/source/AGT/AGT196_StaticDispatchReturn_ClassVariableArrayComponent/src/testcase/AGT196_StaticDispatchReturn_ClassVariableArrayComponent.java	7	testcase.AGT196_StaticDispatchReturn_ClassVariableArrayComponent		@Readonly AGT196_StaticDispatchReturn_ClassVariableArrayComponent
/home/vagrant/immutability-benchmark/testcases/source/AGT/AGT196_StaticDispatchReturn_ClassVariableArrayComponent/src/testcase/AGT196_StaticDispatchReturn_ClassVariableArrayComponent.java	9	f		@Readonly Object @Mutable []
/home/vagrant/immutability-benchmark/testcases/source/AGT/AGT196_StaticDispatchReturn_ClassVariableArrayComponent/src/testcase/AGT196_StaticDispatchReturn_ClassVariableArrayComponent.java	12	toString()-static		@Mutable
/home/vagrant/immutability-benchmark/testcases/source/AGT/AGT196_StaticDispatchReturn_ClassVariableArrayComponent/src/testcase/AGT196_StaticDispatchReturn_ClassVariableArrayComponent.java	12	toString()		@Readonly String () @Readonly AGT196_StaticDispatchReturn_ClassVariableArrayComponent
/home/vagrant/immutability-benchmark/testcases/source/AGT/AGT196_StaticDispatchReturn_ClassVariableArrayComponent/src/testcase/AGT196_StaticDispatchReturn_ClassVariableArrayComponent.java	17	args		@Readonly String @Readonly []
/home/vagrant/immutability-benchmark/testcases/source/AGT/AGT196_StaticDispatchReturn_ClassVariableArrayComponent/src/testcase/AGT196_StaticDispatchReturn_ClassVariableArrayComponent.java	17	main(java.lang.String[])-static		@Mutable
/home/vagrant/immutability-benchmark/testcases/source/AGT/AGT196_StaticDispatchReturn_ClassVariableArrayComponent/src/testcase/AGT196_StaticDispatchReturn_ClassVariableArrayComponent.java	17	main(java.lang.String[])		void ([@Readonly String @Readonly []]) @Readonly AGT196_StaticDispatchReturn_ClassVariableArrayComponent
/home/vagrant/immutability-benchmark/testcases/source/AGT/AGT196_StaticDispatchReturn_ClassVariableArrayComponent/src/testcase/AGT196_StaticDispatchReturn_ClassVariableArrayComponent.java	18	test		@Readonly AGT196_StaticDispatchReturn_ClassVariableArrayComponent
/home/vagrant/immutability-benchmark/testcases/source/AGT/AGT196_StaticDispatchReturn_ClassVariableArrayComponent/src/testcase/AGT196_StaticDispatchReturn_ClassVariableArrayComponent.java	24	bar()-static		@Readonly
/home/vagrant/immutability-benchmark/testcases/source/AGT/AGT196_StaticDispatchReturn_ClassVariableArrayComponent/src/testcase/AGT196_StaticDispatchReturn_ClassVariableArrayComponent.java	24	bar()		@Readonly Object () @Readonly AGT196_StaticDispatchReturn_ClassVariableArrayComponent
INFO: There are 6 (85.71429%) readonly, 1 (14.285715%) polyread and 0 (0.0%) mutable references out of 7 references
INFO: Total methods: 3 pure methods: 2(66.666664%)
