../../DateCell.java	5	setHours(int)-static		@Readonly
../../DateCell.java	5	setHours(int)		void ([@Readonly int]) @Readonly Date
../../DateCell.java	5	this		@Readonly Date
../../DateCell.java	11	date		@Readonly Date
../../DateCell.java	12	getDate()-static		@Readonly
../../DateCell.java	12	getDate()		@Readonly Date () @Readonly DateCell
../../DateCell.java	12	this		@Readonly DateCell
../../DateCell.java	15	cellSetHours()-static		@Readonly
../../DateCell.java	15	cellSetHours()		void () @Readonly DateCell
../../DateCell.java	15	this		@Readonly DateCell
../../DateCell.java	16	md		@Readonly Date
../../DateCell.java	22	args		@Readonly String @Readonly []
../../DateCell.java	22	main(java.lang.String[])-static		@Readonly
../../DateCell.java	22	main(java.lang.String[])		void ([@Readonly String @Readonly []]) @Readonly Main
INFO: There are 10 (100.0%) readonly, 0 (0.0%) polyread and 0 (0.0%) mutable references out of 10 references
INFO: Total methods: 4 pure methods: 4(100.0%)
