/home/vagrant/immutability-benchmark/testcases/source/AGT/AGT249_ParameterInstanceVariableArrayComponent_ClassVariable/src/testcase/AGT249_ParameterInstanceVariableArrayComponent_ClassVariable.java	7	testcase.AGT249_ParameterInstanceVariableArrayComponent_ClassVariable		@Mutable AGT249_ParameterInstanceVariableArrayComponent_ClassVariable
/home/vagrant/immutability-benchmark/testcases/source/AGT/AGT249_ParameterInstanceVariableArrayComponent_ClassVariable/src/testcase/AGT249_ParameterInstanceVariableArrayComponent_ClassVariable.java	9	test		@Readonly Test
/home/vagrant/immutability-benchmark/testcases/source/AGT/AGT249_ParameterInstanceVariableArrayComponent_ClassVariable/src/testcase/AGT249_ParameterInstanceVariableArrayComponent_ClassVariable.java	12	args		@Readonly String @Readonly []
/home/vagrant/immutability-benchmark/testcases/source/AGT/AGT249_ParameterInstanceVariableArrayComponent_ClassVariable/src/testcase/AGT249_ParameterInstanceVariableArrayComponent_ClassVariable.java	12	main(java.lang.String[])-static		@Mutable
/home/vagrant/immutability-benchmark/testcases/source/AGT/AGT249_ParameterInstanceVariableArrayComponent_ClassVariable/src/testcase/AGT249_ParameterInstanceVariableArrayComponent_ClassVariable.java	12	main(java.lang.String[])		void ([@Readonly String @Readonly []]) @Readonly AGT249_ParameterInstanceVariableArrayComponent_ClassVariable
/home/vagrant/immutability-benchmark/testcases/source/AGT/AGT249_ParameterInstanceVariableArrayComponent_ClassVariable/src/testcase/AGT249_ParameterInstanceVariableArrayComponent_ClassVariable.java	16	foo()-static		@Mutable
/home/vagrant/immutability-benchmark/testcases/source/AGT/AGT249_ParameterInstanceVariableArrayComponent_ClassVariable/src/testcase/AGT249_ParameterInstanceVariableArrayComponent_ClassVariable.java	16	foo()		void () @Readonly AGT249_ParameterInstanceVariableArrayComponent_ClassVariable
/home/vagrant/immutability-benchmark/testcases/source/AGT/AGT249_ParameterInstanceVariableArrayComponent_ClassVariable/src/testcase/AGT249_ParameterInstanceVariableArrayComponent_ClassVariable.java	24	testcase.Test		@Mutable Test
/home/vagrant/immutability-benchmark/testcases/source/AGT/AGT249_ParameterInstanceVariableArrayComponent_ClassVariable/src/testcase/AGT249_ParameterInstanceVariableArrayComponent_ClassVariable.java	25	f1		@Mutable Object
/home/vagrant/immutability-benchmark/testcases/source/AGT/AGT249_ParameterInstanceVariableArrayComponent_ClassVariable/src/testcase/AGT249_ParameterInstanceVariableArrayComponent_ClassVariable.java	26	f2		@Polyread Object @Mutable []
/home/vagrant/immutability-benchmark/testcases/source/AGT/AGT249_ParameterInstanceVariableArrayComponent_ClassVariable/src/testcase/AGT249_ParameterInstanceVariableArrayComponent_ClassVariable.java	28	bar(testcase.Test)-static		@Mutable
/home/vagrant/immutability-benchmark/testcases/source/AGT/AGT249_ParameterInstanceVariableArrayComponent_ClassVariable/src/testcase/AGT249_ParameterInstanceVariableArrayComponent_ClassVariable.java	28	bar(testcase.Test)		void ([@Mutable Test]) @Readonly Test
/home/vagrant/immutability-benchmark/testcases/source/AGT/AGT249_ParameterInstanceVariableArrayComponent_ClassVariable/src/testcase/AGT249_ParameterInstanceVariableArrayComponent_ClassVariable.java	28	p		@Mutable Test
/home/vagrant/immutability-benchmark/testcases/source/AGT/AGT249_ParameterInstanceVariableArrayComponent_ClassVariable/src/testcase/AGT249_ParameterInstanceVariableArrayComponent_ClassVariable.java	32	toString()-static		@Readonly
/home/vagrant/immutability-benchmark/testcases/source/AGT/AGT249_ParameterInstanceVariableArrayComponent_ClassVariable/src/testcase/AGT249_ParameterInstanceVariableArrayComponent_ClassVariable.java	32	toString()		@Readonly String () @Readonly Test
INFO: There are 6 (54.545456%) readonly, 2 (18.181818%) polyread and 3 (27.272728%) mutable references out of 11 references
INFO: Total methods: 4 pure methods: 1(25.0%)
