/home/vagrant/immutability-benchmark/testcases/source/AGT/AGT249_ParameterInstanceVariableArrayComponent_ClassVariable/src/testcase/AGT249_ParameterInstanceVariableArrayComponent_ClassVariable.java	8	testcase.AGT249_ParameterInstanceVariableArrayComponent_ClassVariable		@Mutable AGT249_ParameterInstanceVariableArrayComponent_ClassVariable
/home/vagrant/immutability-benchmark/testcases/source/AGT/AGT249_ParameterInstanceVariableArrayComponent_ClassVariable/src/testcase/AGT249_ParameterInstanceVariableArrayComponent_ClassVariable.java	10	f1		@Mutable Object
/home/vagrant/immutability-benchmark/testcases/source/AGT/AGT249_ParameterInstanceVariableArrayComponent_ClassVariable/src/testcase/AGT249_ParameterInstanceVariableArrayComponent_ClassVariable.java	13	f2		@Polyread Object @Mutable []
/home/vagrant/immutability-benchmark/testcases/source/AGT/AGT249_ParameterInstanceVariableArrayComponent_ClassVariable/src/testcase/AGT249_ParameterInstanceVariableArrayComponent_ClassVariable.java	16	toString()-static		@Mutable
/home/vagrant/immutability-benchmark/testcases/source/AGT/AGT249_ParameterInstanceVariableArrayComponent_ClassVariable/src/testcase/AGT249_ParameterInstanceVariableArrayComponent_ClassVariable.java	16	toString()		@Readonly String () @Readonly AGT249_ParameterInstanceVariableArrayComponent_ClassVariable
/home/vagrant/immutability-benchmark/testcases/source/AGT/AGT249_ParameterInstanceVariableArrayComponent_ClassVariable/src/testcase/AGT249_ParameterInstanceVariableArrayComponent_ClassVariable.java	21	foo(testcase.AGT249_ParameterInstanceVariableArrayComponent_ClassVariable)-static		@Mutable
/home/vagrant/immutability-benchmark/testcases/source/AGT/AGT249_ParameterInstanceVariableArrayComponent_ClassVariable/src/testcase/AGT249_ParameterInstanceVariableArrayComponent_ClassVariable.java	21	foo(testcase.AGT249_ParameterInstanceVariableArrayComponent_ClassVariable)		void ([@Mutable AGT249_ParameterInstanceVariableArrayComponent_ClassVariable]) @Readonly AGT249_ParameterInstanceVariableArrayComponent_ClassVariable
/home/vagrant/immutability-benchmark/testcases/source/AGT/AGT249_ParameterInstanceVariableArrayComponent_ClassVariable/src/testcase/AGT249_ParameterInstanceVariableArrayComponent_ClassVariable.java	21	p		@Mutable AGT249_ParameterInstanceVariableArrayComponent_ClassVariable
/home/vagrant/immutability-benchmark/testcases/source/AGT/AGT249_ParameterInstanceVariableArrayComponent_ClassVariable/src/testcase/AGT249_ParameterInstanceVariableArrayComponent_ClassVariable.java	25	args		@Readonly String @Readonly []
/home/vagrant/immutability-benchmark/testcases/source/AGT/AGT249_ParameterInstanceVariableArrayComponent_ClassVariable/src/testcase/AGT249_ParameterInstanceVariableArrayComponent_ClassVariable.java	25	main(java.lang.String[])-static		@Mutable
/home/vagrant/immutability-benchmark/testcases/source/AGT/AGT249_ParameterInstanceVariableArrayComponent_ClassVariable/src/testcase/AGT249_ParameterInstanceVariableArrayComponent_ClassVariable.java	25	main(java.lang.String[])		void ([@Readonly String @Readonly []]) @Readonly AGT249_ParameterInstanceVariableArrayComponent_ClassVariable
/home/vagrant/immutability-benchmark/testcases/source/AGT/AGT249_ParameterInstanceVariableArrayComponent_ClassVariable/src/testcase/AGT249_ParameterInstanceVariableArrayComponent_ClassVariable.java	26	test		@Mutable AGT249_ParameterInstanceVariableArrayComponent_ClassVariable
INFO: There are 4 (44.444447%) readonly, 2 (22.222223%) polyread and 3 (33.333336%) mutable references out of 9 references
INFO: Total methods: 3 pure methods: 1(33.333332%)
