/home/vagrant/immutability-benchmark/testcases/source/AGT/AGT235_ParameterInstanceVariable_ObjectInstanceVariable/src/testcase/AGT235_ParameterInstanceVariable_ObjectInstanceVariable.java	5	testcase.AGT235_ParameterInstanceVariable_ObjectInstanceVariable		@Mutable AGT235_ParameterInstanceVariable_ObjectInstanceVariable
/home/vagrant/immutability-benchmark/testcases/source/AGT/AGT235_ParameterInstanceVariable_ObjectInstanceVariable/src/testcase/AGT235_ParameterInstanceVariable_ObjectInstanceVariable.java	7	f		@Readonly Object
/home/vagrant/immutability-benchmark/testcases/source/AGT/AGT235_ParameterInstanceVariable_ObjectInstanceVariable/src/testcase/AGT235_ParameterInstanceVariable_ObjectInstanceVariable.java	10	toString()-static		@Readonly
/home/vagrant/immutability-benchmark/testcases/source/AGT/AGT235_ParameterInstanceVariable_ObjectInstanceVariable/src/testcase/AGT235_ParameterInstanceVariable_ObjectInstanceVariable.java	10	toString()		@Readonly String () @Readonly AGT235_ParameterInstanceVariable_ObjectInstanceVariable
/home/vagrant/immutability-benchmark/testcases/source/AGT/AGT235_ParameterInstanceVariable_ObjectInstanceVariable/src/testcase/AGT235_ParameterInstanceVariable_ObjectInstanceVariable.java	15	foo(testcase.AGT235_ParameterInstanceVariable_ObjectInstanceVariable)-static		@Readonly
/home/vagrant/immutability-benchmark/testcases/source/AGT/AGT235_ParameterInstanceVariable_ObjectInstanceVariable/src/testcase/AGT235_ParameterInstanceVariable_ObjectInstanceVariable.java	15	foo(testcase.AGT235_ParameterInstanceVariable_ObjectInstanceVariable)		void ([@Readonly AGT235_ParameterInstanceVariable_ObjectInstanceVariable]) @Readonly AGT235_ParameterInstanceVariable_ObjectInstanceVariable
/home/vagrant/immutability-benchmark/testcases/source/AGT/AGT235_ParameterInstanceVariable_ObjectInstanceVariable/src/testcase/AGT235_ParameterInstanceVariable_ObjectInstanceVariable.java	15	p		@Readonly AGT235_ParameterInstanceVariable_ObjectInstanceVariable
/home/vagrant/immutability-benchmark/testcases/source/AGT/AGT235_ParameterInstanceVariable_ObjectInstanceVariable/src/testcase/AGT235_ParameterInstanceVariable_ObjectInstanceVariable.java	16	b		@Mutable AGT235_ParameterInstanceVariable_ObjectInstanceVariable
/home/vagrant/immutability-benchmark/testcases/source/AGT/AGT235_ParameterInstanceVariable_ObjectInstanceVariable/src/testcase/AGT235_ParameterInstanceVariable_ObjectInstanceVariable.java	20	args		@Readonly String @Readonly []
/home/vagrant/immutability-benchmark/testcases/source/AGT/AGT235_ParameterInstanceVariable_ObjectInstanceVariable/src/testcase/AGT235_ParameterInstanceVariable_ObjectInstanceVariable.java	20	main(java.lang.String[])-static		@Mutable
/home/vagrant/immutability-benchmark/testcases/source/AGT/AGT235_ParameterInstanceVariable_ObjectInstanceVariable/src/testcase/AGT235_ParameterInstanceVariable_ObjectInstanceVariable.java	20	main(java.lang.String[])		void ([@Readonly String @Readonly []]) @Readonly AGT235_ParameterInstanceVariable_ObjectInstanceVariable
/home/vagrant/immutability-benchmark/testcases/source/AGT/AGT235_ParameterInstanceVariable_ObjectInstanceVariable/src/testcase/AGT235_ParameterInstanceVariable_ObjectInstanceVariable.java	21	a		@Readonly AGT235_ParameterInstanceVariable_ObjectInstanceVariable
INFO: There are 7 (77.77778%) readonly, 0 (0.0%) polyread and 2 (22.222223%) mutable references out of 9 references
INFO: Total methods: 3 pure methods: 2(66.666664%)
