/home/vagrant/immutability-benchmark/testcases/source/ST/ST005_DynamicDispatches/src/testcase/ST005_DynamicDispatches.java	5	testcase.ST005_DynamicDispatches		@Readonly ST005_DynamicDispatches
/home/vagrant/immutability-benchmark/testcases/source/ST/ST005_DynamicDispatches/src/testcase/ST005_DynamicDispatches.java	6	test		@Mutable Test
/home/vagrant/immutability-benchmark/testcases/source/ST/ST005_DynamicDispatches/src/testcase/ST005_DynamicDispatches.java	9	args		@Readonly String @Readonly []
/home/vagrant/immutability-benchmark/testcases/source/ST/ST005_DynamicDispatches/src/testcase/ST005_DynamicDispatches.java	9	main(java.lang.String[])-static		@Mutable
/home/vagrant/immutability-benchmark/testcases/source/ST/ST005_DynamicDispatches/src/testcase/ST005_DynamicDispatches.java	9	main(java.lang.String[])		void ([@Readonly String @Readonly []]) @Readonly ST005_DynamicDispatches
/home/vagrant/immutability-benchmark/testcases/source/ST/ST005_DynamicDispatches/src/testcase/ST005_DynamicDispatches.java	16	testcase.Test		@Mutable Test
/home/vagrant/immutability-benchmark/testcases/source/ST/ST005_DynamicDispatches/src/testcase/ST005_DynamicDispatches.java	17	f		@Readonly Object
/home/vagrant/immutability-benchmark/testcases/source/ST/ST005_DynamicDispatches/src/testcase/ST005_DynamicDispatches.java	19	foo()-static		@Readonly
/home/vagrant/immutability-benchmark/testcases/source/ST/ST005_DynamicDispatches/src/testcase/ST005_DynamicDispatches.java	19	foo()		void () @Mutable Test
/home/vagrant/immutability-benchmark/testcases/source/ST/ST005_DynamicDispatches/src/testcase/ST005_DynamicDispatches.java	21	toString()-static		@Readonly
/home/vagrant/immutability-benchmark/testcases/source/ST/ST005_DynamicDispatches/src/testcase/ST005_DynamicDispatches.java	21	toString()		@Readonly String () @Readonly Test
/home/vagrant/immutability-benchmark/testcases/source/ST/ST005_DynamicDispatches/src/testcase/ST005_DynamicDispatches.java	28	foo()-static		@Readonly
/home/vagrant/immutability-benchmark/testcases/source/ST/ST005_DynamicDispatches/src/testcase/ST005_DynamicDispatches.java	28	foo()		void () @Readonly A
/home/vagrant/immutability-benchmark/testcases/source/ST/ST005_DynamicDispatches/src/testcase/ST005_DynamicDispatches.java	33	foo()-static		@Readonly
/home/vagrant/immutability-benchmark/testcases/source/ST/ST005_DynamicDispatches/src/testcase/ST005_DynamicDispatches.java	33	foo()		void () @Mutable B
INFO: There are 6 (60.000004%) readonly, 1 (10.0%) polyread and 3 (30.000002%) mutable references out of 10 references
INFO: Total methods: 5 pure methods: 2(40.0%)
