/home/vagrant/immutability-benchmark/testcases/source/AGT/AGT212_Parameter_ParameterArrayComponent/src/testcase/AGT212_Parameter_ParameterArrayComponent.java	8	testcase.AGT212_Parameter_ParameterArrayComponent		@Mutable AGT212_Parameter_ParameterArrayComponent
/home/vagrant/immutability-benchmark/testcases/source/AGT/AGT212_Parameter_ParameterArrayComponent/src/testcase/AGT212_Parameter_ParameterArrayComponent.java	10	f1		@Readonly Object @Mutable []
/home/vagrant/immutability-benchmark/testcases/source/AGT/AGT212_Parameter_ParameterArrayComponent/src/testcase/AGT212_Parameter_ParameterArrayComponent.java	13	f2		@Readonly Object
/home/vagrant/immutability-benchmark/testcases/source/AGT/AGT212_Parameter_ParameterArrayComponent/src/testcase/AGT212_Parameter_ParameterArrayComponent.java	16	toString()-static		@Readonly
/home/vagrant/immutability-benchmark/testcases/source/AGT/AGT212_Parameter_ParameterArrayComponent/src/testcase/AGT212_Parameter_ParameterArrayComponent.java	16	toString()		@Readonly String () @Readonly AGT212_Parameter_ParameterArrayComponent
/home/vagrant/immutability-benchmark/testcases/source/AGT/AGT212_Parameter_ParameterArrayComponent/src/testcase/AGT212_Parameter_ParameterArrayComponent.java	21	foo(java.lang.Object[],java.lang.Object)-static		@Readonly
/home/vagrant/immutability-benchmark/testcases/source/AGT/AGT212_Parameter_ParameterArrayComponent/src/testcase/AGT212_Parameter_ParameterArrayComponent.java	21	foo(java.lang.Object[],java.lang.Object)		void ([@Readonly Object @Mutable [], @Readonly Object]) @Readonly AGT212_Parameter_ParameterArrayComponent
/home/vagrant/immutability-benchmark/testcases/source/AGT/AGT212_Parameter_ParameterArrayComponent/src/testcase/AGT212_Parameter_ParameterArrayComponent.java	21	p1		@Readonly Object @Mutable []
/home/vagrant/immutability-benchmark/testcases/source/AGT/AGT212_Parameter_ParameterArrayComponent/src/testcase/AGT212_Parameter_ParameterArrayComponent.java	21	p2		@Readonly Object
/home/vagrant/immutability-benchmark/testcases/source/AGT/AGT212_Parameter_ParameterArrayComponent/src/testcase/AGT212_Parameter_ParameterArrayComponent.java	25	args		@Readonly String @Readonly []
/home/vagrant/immutability-benchmark/testcases/source/AGT/AGT212_Parameter_ParameterArrayComponent/src/testcase/AGT212_Parameter_ParameterArrayComponent.java	25	main(java.lang.String[])-static		@Mutable
/home/vagrant/immutability-benchmark/testcases/source/AGT/AGT212_Parameter_ParameterArrayComponent/src/testcase/AGT212_Parameter_ParameterArrayComponent.java	25	main(java.lang.String[])		void ([@Readonly String @Readonly []]) @Readonly AGT212_Parameter_ParameterArrayComponent
/home/vagrant/immutability-benchmark/testcases/source/AGT/AGT212_Parameter_ParameterArrayComponent/src/testcase/AGT212_Parameter_ParameterArrayComponent.java	26	test		@Mutable AGT212_Parameter_ParameterArrayComponent
INFO: There are 6 (60.000004%) readonly, 1 (10.0%) polyread and 3 (30.000002%) mutable references out of 10 references
INFO: Total methods: 3 pure methods: 1(33.333332%)
