/home/vagrant/immutability-benchmark/testcases/source/AGT/AGT128_Enum_ParameterArrayComponent/src/testcase/AGT128_Enum_ParameterArrayComponent.java	7	testcase.AGT128_Enum_ParameterArrayComponent		@Mutable AGT128_Enum_ParameterArrayComponent
/home/vagrant/immutability-benchmark/testcases/source/AGT/AGT128_Enum_ParameterArrayComponent/src/testcase/AGT128_Enum_ParameterArrayComponent.java	9	test		@Mutable Test
/home/vagrant/immutability-benchmark/testcases/source/AGT/AGT128_Enum_ParameterArrayComponent/src/testcase/AGT128_Enum_ParameterArrayComponent.java	12	args		@Readonly String @Readonly []
/home/vagrant/immutability-benchmark/testcases/source/AGT/AGT128_Enum_ParameterArrayComponent/src/testcase/AGT128_Enum_ParameterArrayComponent.java	12	main(java.lang.String[])-static		@Mutable
/home/vagrant/immutability-benchmark/testcases/source/AGT/AGT128_Enum_ParameterArrayComponent/src/testcase/AGT128_Enum_ParameterArrayComponent.java	12	main(java.lang.String[])		void ([@Readonly String @Readonly []]) @Readonly AGT128_Enum_ParameterArrayComponent
/home/vagrant/immutability-benchmark/testcases/source/AGT/AGT128_Enum_ParameterArrayComponent/src/testcase/AGT128_Enum_ParameterArrayComponent.java	16	foo()-static		@Mutable
/home/vagrant/immutability-benchmark/testcases/source/AGT/AGT128_Enum_ParameterArrayComponent/src/testcase/AGT128_Enum_ParameterArrayComponent.java	16	foo()		void () @Mutable AGT128_Enum_ParameterArrayComponent
/home/vagrant/immutability-benchmark/testcases/source/AGT/AGT128_Enum_ParameterArrayComponent/src/testcase/AGT128_Enum_ParameterArrayComponent.java	25	E		@Mutable Enum
/home/vagrant/immutability-benchmark/testcases/source/AGT/AGT128_Enum_ParameterArrayComponent/src/testcase/AGT128_Enum_ParameterArrayComponent.java	28	testcase.Test		@Mutable Test
/home/vagrant/immutability-benchmark/testcases/source/AGT/AGT128_Enum_ParameterArrayComponent/src/testcase/AGT128_Enum_ParameterArrayComponent.java	29	f		@Readonly Object @Mutable []
/home/vagrant/immutability-benchmark/testcases/source/AGT/AGT128_Enum_ParameterArrayComponent/src/testcase/AGT128_Enum_ParameterArrayComponent.java	31	bar(java.lang.Object[])-static		@Readonly
/home/vagrant/immutability-benchmark/testcases/source/AGT/AGT128_Enum_ParameterArrayComponent/src/testcase/AGT128_Enum_ParameterArrayComponent.java	31	bar(java.lang.Object[])		void ([@Readonly Object @Mutable []]) @Readonly Test
/home/vagrant/immutability-benchmark/testcases/source/AGT/AGT128_Enum_ParameterArrayComponent/src/testcase/AGT128_Enum_ParameterArrayComponent.java	31	p		@Readonly Object @Mutable []
/home/vagrant/immutability-benchmark/testcases/source/AGT/AGT128_Enum_ParameterArrayComponent/src/testcase/AGT128_Enum_ParameterArrayComponent.java	35	toString()-static		@Readonly
/home/vagrant/immutability-benchmark/testcases/source/AGT/AGT128_Enum_ParameterArrayComponent/src/testcase/AGT128_Enum_ParameterArrayComponent.java	35	toString()		@Readonly String () @Readonly Test
INFO: There are 4 (36.363636%) readonly, 2 (18.181818%) polyread and 5 (45.454548%) mutable references out of 11 references
INFO: Total methods: 4 pure methods: 1(25.0%)
