/home/vagrant/immutability-benchmark/testcases/source/AGT/AGT128_Enum_ParameterArrayComponent/src/testcase/AGT128_Enum_ParameterArrayComponent.java	9	A		@Mutable AGT128_Enum_ParameterArrayComponent
/home/vagrant/immutability-benchmark/testcases/source/AGT/AGT128_Enum_ParameterArrayComponent/src/testcase/AGT128_Enum_ParameterArrayComponent.java	9	B		@Mutable AGT128_Enum_ParameterArrayComponent
/home/vagrant/immutability-benchmark/testcases/source/AGT/AGT128_Enum_ParameterArrayComponent/src/testcase/AGT128_Enum_ParameterArrayComponent.java	11	f		@Readonly Object @Mutable []
/home/vagrant/immutability-benchmark/testcases/source/AGT/AGT128_Enum_ParameterArrayComponent/src/testcase/AGT128_Enum_ParameterArrayComponent.java	14	toString()-static		@Readonly
/home/vagrant/immutability-benchmark/testcases/source/AGT/AGT128_Enum_ParameterArrayComponent/src/testcase/AGT128_Enum_ParameterArrayComponent.java	14	toString()		@Readonly String () @Readonly AGT128_Enum_ParameterArrayComponent
/home/vagrant/immutability-benchmark/testcases/source/AGT/AGT128_Enum_ParameterArrayComponent/src/testcase/AGT128_Enum_ParameterArrayComponent.java	19	args		@Readonly String @Readonly []
/home/vagrant/immutability-benchmark/testcases/source/AGT/AGT128_Enum_ParameterArrayComponent/src/testcase/AGT128_Enum_ParameterArrayComponent.java	19	main(java.lang.String[])-static		@Mutable
/home/vagrant/immutability-benchmark/testcases/source/AGT/AGT128_Enum_ParameterArrayComponent/src/testcase/AGT128_Enum_ParameterArrayComponent.java	19	main(java.lang.String[])		void ([@Readonly String @Readonly []]) @Readonly AGT128_Enum_ParameterArrayComponent
/home/vagrant/immutability-benchmark/testcases/source/AGT/AGT128_Enum_ParameterArrayComponent/src/testcase/AGT128_Enum_ParameterArrayComponent.java	20	test		@Mutable AGT128_Enum_ParameterArrayComponent
/home/vagrant/immutability-benchmark/testcases/source/AGT/AGT128_Enum_ParameterArrayComponent/src/testcase/AGT128_Enum_ParameterArrayComponent.java	26	foo(java.lang.Object[])-static		@Readonly
/home/vagrant/immutability-benchmark/testcases/source/AGT/AGT128_Enum_ParameterArrayComponent/src/testcase/AGT128_Enum_ParameterArrayComponent.java	26	foo(java.lang.Object[])		void ([@Readonly Object @Mutable []]) @Readonly AGT128_Enum_ParameterArrayComponent
/home/vagrant/immutability-benchmark/testcases/source/AGT/AGT128_Enum_ParameterArrayComponent/src/testcase/AGT128_Enum_ParameterArrayComponent.java	26	p		@Readonly Object @Mutable []
INFO: There are 4 (44.444447%) readonly, 1 (11.111112%) polyread and 4 (44.444447%) mutable references out of 9 references
INFO: Total methods: 3 pure methods: 1(33.333332%)
