/home/vagrant/immutability-benchmark/testcases/source/AGT/AGT206_DynamicDispatchReturn_ClassVariableArrayComponent/src/testcase/AGT206_DynamicDispatchReturn_ClassVariableArrayComponent.java	5	testcase.AGT206_DynamicDispatchReturn_ClassVariableArrayComponent		@Mutable AGT206_DynamicDispatchReturn_ClassVariableArrayComponent
/home/vagrant/immutability-benchmark/testcases/source/AGT/AGT206_DynamicDispatchReturn_ClassVariableArrayComponent/src/testcase/AGT206_DynamicDispatchReturn_ClassVariableArrayComponent.java	7	test		@Readonly Test
/home/vagrant/immutability-benchmark/testcases/source/AGT/AGT206_DynamicDispatchReturn_ClassVariableArrayComponent/src/testcase/AGT206_DynamicDispatchReturn_ClassVariableArrayComponent.java	10	bar()-static		@Readonly
/home/vagrant/immutability-benchmark/testcases/source/AGT/AGT206_DynamicDispatchReturn_ClassVariableArrayComponent/src/testcase/AGT206_DynamicDispatchReturn_ClassVariableArrayComponent.java	10	bar()		@Readonly Object () @Readonly AGT206_DynamicDispatchReturn_ClassVariableArrayComponent
/home/vagrant/immutability-benchmark/testcases/source/AGT/AGT206_DynamicDispatchReturn_ClassVariableArrayComponent/src/testcase/AGT206_DynamicDispatchReturn_ClassVariableArrayComponent.java	14	args		@Readonly String @Readonly []
/home/vagrant/immutability-benchmark/testcases/source/AGT/AGT206_DynamicDispatchReturn_ClassVariableArrayComponent/src/testcase/AGT206_DynamicDispatchReturn_ClassVariableArrayComponent.java	14	main(java.lang.String[])-static		@Mutable
/home/vagrant/immutability-benchmark/testcases/source/AGT/AGT206_DynamicDispatchReturn_ClassVariableArrayComponent/src/testcase/AGT206_DynamicDispatchReturn_ClassVariableArrayComponent.java	14	main(java.lang.String[])		void ([@Readonly String @Readonly []]) @Readonly AGT206_DynamicDispatchReturn_ClassVariableArrayComponent
/home/vagrant/immutability-benchmark/testcases/source/AGT/AGT206_DynamicDispatchReturn_ClassVariableArrayComponent/src/testcase/AGT206_DynamicDispatchReturn_ClassVariableArrayComponent.java	18	foo()-static		@Mutable
/home/vagrant/immutability-benchmark/testcases/source/AGT/AGT206_DynamicDispatchReturn_ClassVariableArrayComponent/src/testcase/AGT206_DynamicDispatchReturn_ClassVariableArrayComponent.java	18	foo()		void () @Readonly AGT206_DynamicDispatchReturn_ClassVariableArrayComponent
/home/vagrant/immutability-benchmark/testcases/source/AGT/AGT206_DynamicDispatchReturn_ClassVariableArrayComponent/src/testcase/AGT206_DynamicDispatchReturn_ClassVariableArrayComponent.java	26	testcase.Test		@Readonly Test
/home/vagrant/immutability-benchmark/testcases/source/AGT/AGT206_DynamicDispatchReturn_ClassVariableArrayComponent/src/testcase/AGT206_DynamicDispatchReturn_ClassVariableArrayComponent.java	27	f		@Readonly Object @Mutable []
/home/vagrant/immutability-benchmark/testcases/source/AGT/AGT206_DynamicDispatchReturn_ClassVariableArrayComponent/src/testcase/AGT206_DynamicDispatchReturn_ClassVariableArrayComponent.java	29	toString()-static		@Readonly
/home/vagrant/immutability-benchmark/testcases/source/AGT/AGT206_DynamicDispatchReturn_ClassVariableArrayComponent/src/testcase/AGT206_DynamicDispatchReturn_ClassVariableArrayComponent.java	29	toString()		@Readonly String () @Readonly Test
INFO: There are 8 (80.0%) readonly, 1 (10.0%) polyread and 1 (10.0%) mutable references out of 10 references
INFO: Total methods: 4 pure methods: 2(50.0%)
