/home/vagrant/immutability-benchmark/testcases/source/AGT/AGT206_DynamicDispatchReturn_ClassVariableArrayComponent/src/testcase/AGT206_DynamicDispatchReturn_ClassVariableArrayComponent.java	7	testcase.AGT206_DynamicDispatchReturn_ClassVariableArrayComponent		@Readonly AGT206_DynamicDispatchReturn_ClassVariableArrayComponent
/home/vagrant/immutability-benchmark/testcases/source/AGT/AGT206_DynamicDispatchReturn_ClassVariableArrayComponent/src/testcase/AGT206_DynamicDispatchReturn_ClassVariableArrayComponent.java	9	f		@Readonly Object @Mutable []
/home/vagrant/immutability-benchmark/testcases/source/AGT/AGT206_DynamicDispatchReturn_ClassVariableArrayComponent/src/testcase/AGT206_DynamicDispatchReturn_ClassVariableArrayComponent.java	12	toString()-static		@Mutable
/home/vagrant/immutability-benchmark/testcases/source/AGT/AGT206_DynamicDispatchReturn_ClassVariableArrayComponent/src/testcase/AGT206_DynamicDispatchReturn_ClassVariableArrayComponent.java	12	toString()		@Readonly String () @Readonly AGT206_DynamicDispatchReturn_ClassVariableArrayComponent
/home/vagrant/immutability-benchmark/testcases/source/AGT/AGT206_DynamicDispatchReturn_ClassVariableArrayComponent/src/testcase/AGT206_DynamicDispatchReturn_ClassVariableArrayComponent.java	17	args		@Readonly String @Readonly []
/home/vagrant/immutability-benchmark/testcases/source/AGT/AGT206_DynamicDispatchReturn_ClassVariableArrayComponent/src/testcase/AGT206_DynamicDispatchReturn_ClassVariableArrayComponent.java	17	main(java.lang.String[])-static		@Mutable
/home/vagrant/immutability-benchmark/testcases/source/AGT/AGT206_DynamicDispatchReturn_ClassVariableArrayComponent/src/testcase/AGT206_DynamicDispatchReturn_ClassVariableArrayComponent.java	17	main(java.lang.String[])		void ([@Readonly String @Readonly []]) @Readonly AGT206_DynamicDispatchReturn_ClassVariableArrayComponent
/home/vagrant/immutability-benchmark/testcases/source/AGT/AGT206_DynamicDispatchReturn_ClassVariableArrayComponent/src/testcase/AGT206_DynamicDispatchReturn_ClassVariableArrayComponent.java	18	test		@Readonly AGT206_DynamicDispatchReturn_ClassVariableArrayComponent
/home/vagrant/immutability-benchmark/testcases/source/AGT/AGT206_DynamicDispatchReturn_ClassVariableArrayComponent/src/testcase/AGT206_DynamicDispatchReturn_ClassVariableArrayComponent.java	24	bar()-static		@Readonly
/home/vagrant/immutability-benchmark/testcases/source/AGT/AGT206_DynamicDispatchReturn_ClassVariableArrayComponent/src/testcase/AGT206_DynamicDispatchReturn_ClassVariableArrayComponent.java	24	bar()		@Readonly Object () @Readonly AGT206_DynamicDispatchReturn_ClassVariableArrayComponent
INFO: There are 7 (87.5%) readonly, 1 (12.5%) polyread and 0 (0.0%) mutable references out of 8 references
INFO: Total methods: 3 pure methods: 2(66.666664%)
