/home/vagrant/immutability-benchmark/testcases/source/AGT/AGT187_ClassVariableArrayComponent_Parameter/src/testcase/AGT187_ClassVariableArrayComponent_Parameter.java	7	testcase.AGT187_ClassVariableArrayComponent_Parameter		@Readonly AGT187_ClassVariableArrayComponent_Parameter
/home/vagrant/immutability-benchmark/testcases/source/AGT/AGT187_ClassVariableArrayComponent_Parameter/src/testcase/AGT187_ClassVariableArrayComponent_Parameter.java	9	f1		@Readonly Object @Readonly []
/home/vagrant/immutability-benchmark/testcases/source/AGT/AGT187_ClassVariableArrayComponent_Parameter/src/testcase/AGT187_ClassVariableArrayComponent_Parameter.java	12	toString()-static		@Readonly
/home/vagrant/immutability-benchmark/testcases/source/AGT/AGT187_ClassVariableArrayComponent_Parameter/src/testcase/AGT187_ClassVariableArrayComponent_Parameter.java	12	toString()		@Readonly String () @Readonly AGT187_ClassVariableArrayComponent_Parameter
/home/vagrant/immutability-benchmark/testcases/source/AGT/AGT187_ClassVariableArrayComponent_Parameter/src/testcase/AGT187_ClassVariableArrayComponent_Parameter.java	17	args		@Readonly String @Readonly []
/home/vagrant/immutability-benchmark/testcases/source/AGT/AGT187_ClassVariableArrayComponent_Parameter/src/testcase/AGT187_ClassVariableArrayComponent_Parameter.java	17	main(java.lang.String[])-static		@Mutable
/home/vagrant/immutability-benchmark/testcases/source/AGT/AGT187_ClassVariableArrayComponent_Parameter/src/testcase/AGT187_ClassVariableArrayComponent_Parameter.java	17	main(java.lang.String[])		void ([@Readonly String @Readonly []]) @Readonly AGT187_ClassVariableArrayComponent_Parameter
/home/vagrant/immutability-benchmark/testcases/source/AGT/AGT187_ClassVariableArrayComponent_Parameter/src/testcase/AGT187_ClassVariableArrayComponent_Parameter.java	18	a		@Readonly AGT187_ClassVariableArrayComponent_Parameter
/home/vagrant/immutability-benchmark/testcases/source/AGT/AGT187_ClassVariableArrayComponent_Parameter/src/testcase/AGT187_ClassVariableArrayComponent_Parameter.java	24	foo(java.lang.Object)-static		@Readonly
/home/vagrant/immutability-benchmark/testcases/source/AGT/AGT187_ClassVariableArrayComponent_Parameter/src/testcase/AGT187_ClassVariableArrayComponent_Parameter.java	24	foo(java.lang.Object)		void ([@Readonly Object]) @Readonly AGT187_ClassVariableArrayComponent_Parameter
/home/vagrant/immutability-benchmark/testcases/source/AGT/AGT187_ClassVariableArrayComponent_Parameter/src/testcase/AGT187_ClassVariableArrayComponent_Parameter.java	24	p		@Readonly Object
INFO: There are 8 (100.0%) readonly, 0 (0.0%) polyread and 0 (0.0%) mutable references out of 8 references
INFO: Total methods: 3 pure methods: 2(66.666664%)
