/home/vagrant/immutability-benchmark/testcases/source/AGT/AGT176_ClassVariable_ClassVariableArrayComponent/src/testcase/AGT176_ClassVariable_ClassVariableArrayComponent.java	8	testcase.AGT176_ClassVariable_ClassVariableArrayComponent		@Readonly AGT176_ClassVariable_ClassVariableArrayComponent
/home/vagrant/immutability-benchmark/testcases/source/AGT/AGT176_ClassVariable_ClassVariableArrayComponent/src/testcase/AGT176_ClassVariable_ClassVariableArrayComponent.java	10	f1		@Readonly Object @Mutable []
/home/vagrant/immutability-benchmark/testcases/source/AGT/AGT176_ClassVariable_ClassVariableArrayComponent/src/testcase/AGT176_ClassVariable_ClassVariableArrayComponent.java	13	f2		@Mutable Object
/home/vagrant/immutability-benchmark/testcases/source/AGT/AGT176_ClassVariable_ClassVariableArrayComponent/src/testcase/AGT176_ClassVariable_ClassVariableArrayComponent.java	16	toString()-static		@Mutable
/home/vagrant/immutability-benchmark/testcases/source/AGT/AGT176_ClassVariable_ClassVariableArrayComponent/src/testcase/AGT176_ClassVariable_ClassVariableArrayComponent.java	16	toString()		@Readonly String () @Readonly AGT176_ClassVariable_ClassVariableArrayComponent
/home/vagrant/immutability-benchmark/testcases/source/AGT/AGT176_ClassVariable_ClassVariableArrayComponent/src/testcase/AGT176_ClassVariable_ClassVariableArrayComponent.java	21	args		@Readonly String @Readonly []
/home/vagrant/immutability-benchmark/testcases/source/AGT/AGT176_ClassVariable_ClassVariableArrayComponent/src/testcase/AGT176_ClassVariable_ClassVariableArrayComponent.java	21	main(java.lang.String[])-static		@Mutable
/home/vagrant/immutability-benchmark/testcases/source/AGT/AGT176_ClassVariable_ClassVariableArrayComponent/src/testcase/AGT176_ClassVariable_ClassVariableArrayComponent.java	21	main(java.lang.String[])		void ([@Readonly String @Readonly []]) @Readonly AGT176_ClassVariable_ClassVariableArrayComponent
/home/vagrant/immutability-benchmark/testcases/source/AGT/AGT176_ClassVariable_ClassVariableArrayComponent/src/testcase/AGT176_ClassVariable_ClassVariableArrayComponent.java	22	test		@Readonly AGT176_ClassVariable_ClassVariableArrayComponent
INFO: There are 5 (71.42857%) readonly, 2 (28.57143%) polyread and 0 (0.0%) mutable references out of 7 references
INFO: Total methods: 2 pure methods: 1(50.0%)
