/home/vagrant/immutability-benchmark/testcases/source/AGT/AGT049_IntLiteral_ParameterInstanceVariable/src/testcase/AGT049_IntLiteral_ParameterInstanceVariable.java	5	testcase.AGT049_IntLiteral_ParameterInstanceVariable		@Mutable AGT049_IntLiteral_ParameterInstanceVariable
/home/vagrant/immutability-benchmark/testcases/source/AGT/AGT049_IntLiteral_ParameterInstanceVariable/src/testcase/AGT049_IntLiteral_ParameterInstanceVariable.java	7	f		@Readonly Object
/home/vagrant/immutability-benchmark/testcases/source/AGT/AGT049_IntLiteral_ParameterInstanceVariable/src/testcase/AGT049_IntLiteral_ParameterInstanceVariable.java	10	toString()-static		@Readonly
/home/vagrant/immutability-benchmark/testcases/source/AGT/AGT049_IntLiteral_ParameterInstanceVariable/src/testcase/AGT049_IntLiteral_ParameterInstanceVariable.java	10	toString()		@Readonly String () @Readonly AGT049_IntLiteral_ParameterInstanceVariable
/home/vagrant/immutability-benchmark/testcases/source/AGT/AGT049_IntLiteral_ParameterInstanceVariable/src/testcase/AGT049_IntLiteral_ParameterInstanceVariable.java	15	args		@Readonly String @Readonly []
/home/vagrant/immutability-benchmark/testcases/source/AGT/AGT049_IntLiteral_ParameterInstanceVariable/src/testcase/AGT049_IntLiteral_ParameterInstanceVariable.java	15	main(java.lang.String[])-static		@Mutable
/home/vagrant/immutability-benchmark/testcases/source/AGT/AGT049_IntLiteral_ParameterInstanceVariable/src/testcase/AGT049_IntLiteral_ParameterInstanceVariable.java	15	main(java.lang.String[])		void ([@Readonly String @Readonly []]) @Readonly AGT049_IntLiteral_ParameterInstanceVariable
/home/vagrant/immutability-benchmark/testcases/source/AGT/AGT049_IntLiteral_ParameterInstanceVariable/src/testcase/AGT049_IntLiteral_ParameterInstanceVariable.java	16	test		@Mutable AGT049_IntLiteral_ParameterInstanceVariable
/home/vagrant/immutability-benchmark/testcases/source/AGT/AGT049_IntLiteral_ParameterInstanceVariable/src/testcase/AGT049_IntLiteral_ParameterInstanceVariable.java	22	foo(testcase.AGT049_IntLiteral_ParameterInstanceVariable)-static		@Readonly
/home/vagrant/immutability-benchmark/testcases/source/AGT/AGT049_IntLiteral_ParameterInstanceVariable/src/testcase/AGT049_IntLiteral_ParameterInstanceVariable.java	22	foo(testcase.AGT049_IntLiteral_ParameterInstanceVariable)		void ([@Mutable AGT049_IntLiteral_ParameterInstanceVariable]) @Readonly AGT049_IntLiteral_ParameterInstanceVariable
/home/vagrant/immutability-benchmark/testcases/source/AGT/AGT049_IntLiteral_ParameterInstanceVariable/src/testcase/AGT049_IntLiteral_ParameterInstanceVariable.java	22	p		@Mutable AGT049_IntLiteral_ParameterInstanceVariable
INFO: There are 5 (62.5%) readonly, 0 (0.0%) polyread and 3 (37.5%) mutable references out of 8 references
INFO: Total methods: 3 pure methods: 1(33.333332%)
