/home/vagrant/immutability-benchmark/testcases/source/AGT/AGT183_ClassVariableArrayComponent_ThisInstanceVariable/src/testcase/AGT183_ClassVariableArrayComponent_ThisInstanceVariable.java	8	testcase.AGT183_ClassVariableArrayComponent_ThisInstanceVariable		@Mutable AGT183_ClassVariableArrayComponent_ThisInstanceVariable
/home/vagrant/immutability-benchmark/testcases/source/AGT/AGT183_ClassVariableArrayComponent_ThisInstanceVariable/src/testcase/AGT183_ClassVariableArrayComponent_ThisInstanceVariable.java	10	f1		@Readonly Object
/home/vagrant/immutability-benchmark/testcases/source/AGT/AGT183_ClassVariableArrayComponent_ThisInstanceVariable/src/testcase/AGT183_ClassVariableArrayComponent_ThisInstanceVariable.java	13	f2		@Readonly Object @Readonly []
/home/vagrant/immutability-benchmark/testcases/source/AGT/AGT183_ClassVariableArrayComponent_ThisInstanceVariable/src/testcase/AGT183_ClassVariableArrayComponent_ThisInstanceVariable.java	16	toString()-static		@Readonly
/home/vagrant/immutability-benchmark/testcases/source/AGT/AGT183_ClassVariableArrayComponent_ThisInstanceVariable/src/testcase/AGT183_ClassVariableArrayComponent_ThisInstanceVariable.java	16	toString()		@Readonly String () @Readonly AGT183_ClassVariableArrayComponent_ThisInstanceVariable
/home/vagrant/immutability-benchmark/testcases/source/AGT/AGT183_ClassVariableArrayComponent_ThisInstanceVariable/src/testcase/AGT183_ClassVariableArrayComponent_ThisInstanceVariable.java	21	args		@Readonly String @Readonly []
/home/vagrant/immutability-benchmark/testcases/source/AGT/AGT183_ClassVariableArrayComponent_ThisInstanceVariable/src/testcase/AGT183_ClassVariableArrayComponent_ThisInstanceVariable.java	21	main(java.lang.String[])-static		@Mutable
/home/vagrant/immutability-benchmark/testcases/source/AGT/AGT183_ClassVariableArrayComponent_ThisInstanceVariable/src/testcase/AGT183_ClassVariableArrayComponent_ThisInstanceVariable.java	21	main(java.lang.String[])		void ([@Readonly String @Readonly []]) @Readonly AGT183_ClassVariableArrayComponent_ThisInstanceVariable
/home/vagrant/immutability-benchmark/testcases/source/AGT/AGT183_ClassVariableArrayComponent_ThisInstanceVariable/src/testcase/AGT183_ClassVariableArrayComponent_ThisInstanceVariable.java	22	a		@Mutable AGT183_ClassVariableArrayComponent_ThisInstanceVariable
/home/vagrant/immutability-benchmark/testcases/source/AGT/AGT183_ClassVariableArrayComponent_ThisInstanceVariable/src/testcase/AGT183_ClassVariableArrayComponent_ThisInstanceVariable.java	28	foo()-static		@Readonly
/home/vagrant/immutability-benchmark/testcases/source/AGT/AGT183_ClassVariableArrayComponent_ThisInstanceVariable/src/testcase/AGT183_ClassVariableArrayComponent_ThisInstanceVariable.java	28	foo()		void () @Mutable AGT183_ClassVariableArrayComponent_ThisInstanceVariable
INFO: There are 5 (62.5%) readonly, 0 (0.0%) polyread and 3 (37.5%) mutable references out of 8 references
INFO: Total methods: 3 pure methods: 1(33.333332%)
