/home/vagrant/immutability-benchmark/testcases/source/AGT/AGT029_CharLiteral_ParameterInstanceVariable/src/testcase/AGT029_CharLiteral_ParameterInstanceVariable.java	5	testcase.AGT029_CharLiteral_ParameterInstanceVariable		@Mutable AGT029_CharLiteral_ParameterInstanceVariable
/home/vagrant/immutability-benchmark/testcases/source/AGT/AGT029_CharLiteral_ParameterInstanceVariable/src/testcase/AGT029_CharLiteral_ParameterInstanceVariable.java	7	test		@Mutable Test
/home/vagrant/immutability-benchmark/testcases/source/AGT/AGT029_CharLiteral_ParameterInstanceVariable/src/testcase/AGT029_CharLiteral_ParameterInstanceVariable.java	10	args		@Readonly String @Readonly []
/home/vagrant/immutability-benchmark/testcases/source/AGT/AGT029_CharLiteral_ParameterInstanceVariable/src/testcase/AGT029_CharLiteral_ParameterInstanceVariable.java	10	main(java.lang.String[])-static		@Mutable
/home/vagrant/immutability-benchmark/testcases/source/AGT/AGT029_CharLiteral_ParameterInstanceVariable/src/testcase/AGT029_CharLiteral_ParameterInstanceVariable.java	10	main(java.lang.String[])		void ([@Readonly String @Readonly []]) @Readonly AGT029_CharLiteral_ParameterInstanceVariable
/home/vagrant/immutability-benchmark/testcases/source/AGT/AGT029_CharLiteral_ParameterInstanceVariable/src/testcase/AGT029_CharLiteral_ParameterInstanceVariable.java	14	foo()-static		@Mutable
/home/vagrant/immutability-benchmark/testcases/source/AGT/AGT029_CharLiteral_ParameterInstanceVariable/src/testcase/AGT029_CharLiteral_ParameterInstanceVariable.java	14	foo()		void () @Mutable AGT029_CharLiteral_ParameterInstanceVariable
/home/vagrant/immutability-benchmark/testcases/source/AGT/AGT029_CharLiteral_ParameterInstanceVariable/src/testcase/AGT029_CharLiteral_ParameterInstanceVariable.java	22	testcase.Test		@Mutable Test
/home/vagrant/immutability-benchmark/testcases/source/AGT/AGT029_CharLiteral_ParameterInstanceVariable/src/testcase/AGT029_CharLiteral_ParameterInstanceVariable.java	23	f		@Readonly Object
/home/vagrant/immutability-benchmark/testcases/source/AGT/AGT029_CharLiteral_ParameterInstanceVariable/src/testcase/AGT029_CharLiteral_ParameterInstanceVariable.java	25	bar(testcase.Test)-static		@Readonly
/home/vagrant/immutability-benchmark/testcases/source/AGT/AGT029_CharLiteral_ParameterInstanceVariable/src/testcase/AGT029_CharLiteral_ParameterInstanceVariable.java	25	bar(testcase.Test)		void ([@Mutable Test]) @Readonly Test
/home/vagrant/immutability-benchmark/testcases/source/AGT/AGT029_CharLiteral_ParameterInstanceVariable/src/testcase/AGT029_CharLiteral_ParameterInstanceVariable.java	25	p		@Mutable Test
/home/vagrant/immutability-benchmark/testcases/source/AGT/AGT029_CharLiteral_ParameterInstanceVariable/src/testcase/AGT029_CharLiteral_ParameterInstanceVariable.java	29	toString()-static		@Readonly
/home/vagrant/immutability-benchmark/testcases/source/AGT/AGT029_CharLiteral_ParameterInstanceVariable/src/testcase/AGT029_CharLiteral_ParameterInstanceVariable.java	29	toString()		@Readonly String () @Readonly Test
INFO: There are 5 (50.0%) readonly, 1 (10.0%) polyread and 4 (40.0%) mutable references out of 10 references
INFO: Total methods: 4 pure methods: 1(25.0%)
