/home/vagrant/immutability-benchmark/testcases/source/AGT/AGT067_FloatLiteral_Parameter/src/testcase/AGT067_FloatLiteral_Parameter.java	5	testcase.AGT067_FloatLiteral_Parameter		@Mutable AGT067_FloatLiteral_Parameter
/home/vagrant/immutability-benchmark/testcases/source/AGT/AGT067_FloatLiteral_Parameter/src/testcase/AGT067_FloatLiteral_Parameter.java	7	test		@Readonly Test
/home/vagrant/immutability-benchmark/testcases/source/AGT/AGT067_FloatLiteral_Parameter/src/testcase/AGT067_FloatLiteral_Parameter.java	10	args		@Readonly String @Readonly []
/home/vagrant/immutability-benchmark/testcases/source/AGT/AGT067_FloatLiteral_Parameter/src/testcase/AGT067_FloatLiteral_Parameter.java	10	main(java.lang.String[])-static		@Mutable
/home/vagrant/immutability-benchmark/testcases/source/AGT/AGT067_FloatLiteral_Parameter/src/testcase/AGT067_FloatLiteral_Parameter.java	10	main(java.lang.String[])		void ([@Readonly String @Readonly []]) @Readonly AGT067_FloatLiteral_Parameter
/home/vagrant/immutability-benchmark/testcases/source/AGT/AGT067_FloatLiteral_Parameter/src/testcase/AGT067_FloatLiteral_Parameter.java	14	foo()-static		@Mutable
/home/vagrant/immutability-benchmark/testcases/source/AGT/AGT067_FloatLiteral_Parameter/src/testcase/AGT067_FloatLiteral_Parameter.java	14	foo()		void () @Readonly AGT067_FloatLiteral_Parameter
/home/vagrant/immutability-benchmark/testcases/source/AGT/AGT067_FloatLiteral_Parameter/src/testcase/AGT067_FloatLiteral_Parameter.java	22	testcase.Test		@Mutable Test
/home/vagrant/immutability-benchmark/testcases/source/AGT/AGT067_FloatLiteral_Parameter/src/testcase/AGT067_FloatLiteral_Parameter.java	23	f		@Readonly Object
/home/vagrant/immutability-benchmark/testcases/source/AGT/AGT067_FloatLiteral_Parameter/src/testcase/AGT067_FloatLiteral_Parameter.java	25	bar(java.lang.Object)-static		@Readonly
/home/vagrant/immutability-benchmark/testcases/source/AGT/AGT067_FloatLiteral_Parameter/src/testcase/AGT067_FloatLiteral_Parameter.java	25	bar(java.lang.Object)		void ([@Readonly Object]) @Readonly Test
/home/vagrant/immutability-benchmark/testcases/source/AGT/AGT067_FloatLiteral_Parameter/src/testcase/AGT067_FloatLiteral_Parameter.java	25	p		@Readonly Object
/home/vagrant/immutability-benchmark/testcases/source/AGT/AGT067_FloatLiteral_Parameter/src/testcase/AGT067_FloatLiteral_Parameter.java	29	toString()-static		@Readonly
/home/vagrant/immutability-benchmark/testcases/source/AGT/AGT067_FloatLiteral_Parameter/src/testcase/AGT067_FloatLiteral_Parameter.java	29	toString()		@Readonly String () @Readonly Test
INFO: There are 8 (80.0%) readonly, 0 (0.0%) polyread and 2 (20.0%) mutable references out of 10 references
INFO: Total methods: 4 pure methods: 2(50.0%)
