/home/vagrant/immutability-benchmark/testcases/source/AGT/AGT104_NullLiteral_ThisInstanceVariableArrayComponent/src/testcase/AGT104_NullLiteral_ThisInstanceVariableArrayComponent.java	7	testcase.AGT104_NullLiteral_ThisInstanceVariableArrayComponent		@Mutable AGT104_NullLiteral_ThisInstanceVariableArrayComponent
/home/vagrant/immutability-benchmark/testcases/source/AGT/AGT104_NullLiteral_ThisInstanceVariableArrayComponent/src/testcase/AGT104_NullLiteral_ThisInstanceVariableArrayComponent.java	9	f		@Readonly Object @Mutable []
/home/vagrant/immutability-benchmark/testcases/source/AGT/AGT104_NullLiteral_ThisInstanceVariableArrayComponent/src/testcase/AGT104_NullLiteral_ThisInstanceVariableArrayComponent.java	12	toString()-static		@Readonly
/home/vagrant/immutability-benchmark/testcases/source/AGT/AGT104_NullLiteral_ThisInstanceVariableArrayComponent/src/testcase/AGT104_NullLiteral_ThisInstanceVariableArrayComponent.java	12	toString()		@Readonly String () @Readonly AGT104_NullLiteral_ThisInstanceVariableArrayComponent
/home/vagrant/immutability-benchmark/testcases/source/AGT/AGT104_NullLiteral_ThisInstanceVariableArrayComponent/src/testcase/AGT104_NullLiteral_ThisInstanceVariableArrayComponent.java	17	foo()-static		@Mutable
/home/vagrant/immutability-benchmark/testcases/source/AGT/AGT104_NullLiteral_ThisInstanceVariableArrayComponent/src/testcase/AGT104_NullLiteral_ThisInstanceVariableArrayComponent.java	17	foo()		void () @Mutable AGT104_NullLiteral_ThisInstanceVariableArrayComponent
/home/vagrant/immutability-benchmark/testcases/source/AGT/AGT104_NullLiteral_ThisInstanceVariableArrayComponent/src/testcase/AGT104_NullLiteral_ThisInstanceVariableArrayComponent.java	23	args		@Readonly String @Readonly []
/home/vagrant/immutability-benchmark/testcases/source/AGT/AGT104_NullLiteral_ThisInstanceVariableArrayComponent/src/testcase/AGT104_NullLiteral_ThisInstanceVariableArrayComponent.java	23	main(java.lang.String[])-static		@Mutable
/home/vagrant/immutability-benchmark/testcases/source/AGT/AGT104_NullLiteral_ThisInstanceVariableArrayComponent/src/testcase/AGT104_NullLiteral_ThisInstanceVariableArrayComponent.java	23	main(java.lang.String[])		void ([@Readonly String @Readonly []]) @Readonly AGT104_NullLiteral_ThisInstanceVariableArrayComponent
/home/vagrant/immutability-benchmark/testcases/source/AGT/AGT104_NullLiteral_ThisInstanceVariableArrayComponent/src/testcase/AGT104_NullLiteral_ThisInstanceVariableArrayComponent.java	24	test		@Mutable AGT104_NullLiteral_ThisInstanceVariableArrayComponent
INFO: There are 3 (42.857143%) readonly, 1 (14.285715%) polyread and 3 (42.857143%) mutable references out of 7 references
INFO: Total methods: 3 pure methods: 1(33.333332%)
