/home/vagrant/immutability-benchmark/testcases/source/AGT/AGT197_StaticDispatchReturn_Parameter/src/testcase/AGT197_StaticDispatchReturn_Parameter.java	5	testcase.AGT197_StaticDispatchReturn_Parameter		@Mutable AGT197_StaticDispatchReturn_Parameter
/home/vagrant/immutability-benchmark/testcases/source/AGT/AGT197_StaticDispatchReturn_Parameter/src/testcase/AGT197_StaticDispatchReturn_Parameter.java	7	f		@Readonly Object
/home/vagrant/immutability-benchmark/testcases/source/AGT/AGT197_StaticDispatchReturn_Parameter/src/testcase/AGT197_StaticDispatchReturn_Parameter.java	10	toString()-static		@Readonly
/home/vagrant/immutability-benchmark/testcases/source/AGT/AGT197_StaticDispatchReturn_Parameter/src/testcase/AGT197_StaticDispatchReturn_Parameter.java	10	toString()		@Readonly String () @Readonly AGT197_StaticDispatchReturn_Parameter
/home/vagrant/immutability-benchmark/testcases/source/AGT/AGT197_StaticDispatchReturn_Parameter/src/testcase/AGT197_StaticDispatchReturn_Parameter.java	15	args		@Readonly String @Readonly []
/home/vagrant/immutability-benchmark/testcases/source/AGT/AGT197_StaticDispatchReturn_Parameter/src/testcase/AGT197_StaticDispatchReturn_Parameter.java	15	main(java.lang.String[])-static		@Mutable
/home/vagrant/immutability-benchmark/testcases/source/AGT/AGT197_StaticDispatchReturn_Parameter/src/testcase/AGT197_StaticDispatchReturn_Parameter.java	15	main(java.lang.String[])		void ([@Readonly String @Readonly []]) @Readonly AGT197_StaticDispatchReturn_Parameter
/home/vagrant/immutability-benchmark/testcases/source/AGT/AGT197_StaticDispatchReturn_Parameter/src/testcase/AGT197_StaticDispatchReturn_Parameter.java	16	test		@Readonly AGT197_StaticDispatchReturn_Parameter
/home/vagrant/immutability-benchmark/testcases/source/AGT/AGT197_StaticDispatchReturn_Parameter/src/testcase/AGT197_StaticDispatchReturn_Parameter.java	22	foo(java.lang.Object)-static		@Readonly
/home/vagrant/immutability-benchmark/testcases/source/AGT/AGT197_StaticDispatchReturn_Parameter/src/testcase/AGT197_StaticDispatchReturn_Parameter.java	22	foo(java.lang.Object)		void ([@Readonly Object]) @Readonly AGT197_StaticDispatchReturn_Parameter
/home/vagrant/immutability-benchmark/testcases/source/AGT/AGT197_StaticDispatchReturn_Parameter/src/testcase/AGT197_StaticDispatchReturn_Parameter.java	22	p		@Readonly Object
/home/vagrant/immutability-benchmark/testcases/source/AGT/AGT197_StaticDispatchReturn_Parameter/src/testcase/AGT197_StaticDispatchReturn_Parameter.java	26	bar()-static		@Readonly
/home/vagrant/immutability-benchmark/testcases/source/AGT/AGT197_StaticDispatchReturn_Parameter/src/testcase/AGT197_StaticDispatchReturn_Parameter.java	26	bar()		@Readonly Object () @Readonly AGT197_StaticDispatchReturn_Parameter
INFO: There are 8 (88.88889%) readonly, 0 (0.0%) polyread and 1 (11.111112%) mutable references out of 9 references
INFO: Total methods: 4 pure methods: 3(75.0%)
