/home/vagrant/immutability-benchmark/testcases/source/AGT/AGT167_ThisInstanceVariableArrayComponent_Parameter/src/testcase/AGT167_ThisInstanceVariableArrayComponent_Parameter.java	7	testcase.AGT167_ThisInstanceVariableArrayComponent_Parameter		@Mutable AGT167_ThisInstanceVariableArrayComponent_Parameter
/home/vagrant/immutability-benchmark/testcases/source/AGT/AGT167_ThisInstanceVariableArrayComponent_Parameter/src/testcase/AGT167_ThisInstanceVariableArrayComponent_Parameter.java	9	test		@Readonly Test
/home/vagrant/immutability-benchmark/testcases/source/AGT/AGT167_ThisInstanceVariableArrayComponent_Parameter/src/testcase/AGT167_ThisInstanceVariableArrayComponent_Parameter.java	12	args		@Readonly String @Readonly []
/home/vagrant/immutability-benchmark/testcases/source/AGT/AGT167_ThisInstanceVariableArrayComponent_Parameter/src/testcase/AGT167_ThisInstanceVariableArrayComponent_Parameter.java	12	main(java.lang.String[])-static		@Mutable
/home/vagrant/immutability-benchmark/testcases/source/AGT/AGT167_ThisInstanceVariableArrayComponent_Parameter/src/testcase/AGT167_ThisInstanceVariableArrayComponent_Parameter.java	12	main(java.lang.String[])		void ([@Readonly String @Readonly []]) @Readonly AGT167_ThisInstanceVariableArrayComponent_Parameter
/home/vagrant/immutability-benchmark/testcases/source/AGT/AGT167_ThisInstanceVariableArrayComponent_Parameter/src/testcase/AGT167_ThisInstanceVariableArrayComponent_Parameter.java	16	foo()-static		@Mutable
/home/vagrant/immutability-benchmark/testcases/source/AGT/AGT167_ThisInstanceVariableArrayComponent_Parameter/src/testcase/AGT167_ThisInstanceVariableArrayComponent_Parameter.java	16	foo()		void () @Readonly AGT167_ThisInstanceVariableArrayComponent_Parameter
/home/vagrant/immutability-benchmark/testcases/source/AGT/AGT167_ThisInstanceVariableArrayComponent_Parameter/src/testcase/AGT167_ThisInstanceVariableArrayComponent_Parameter.java	24	testcase.Test		@Mutable Test
/home/vagrant/immutability-benchmark/testcases/source/AGT/AGT167_ThisInstanceVariableArrayComponent_Parameter/src/testcase/AGT167_ThisInstanceVariableArrayComponent_Parameter.java	25	f		@Readonly Object @Readonly []
/home/vagrant/immutability-benchmark/testcases/source/AGT/AGT167_ThisInstanceVariableArrayComponent_Parameter/src/testcase/AGT167_ThisInstanceVariableArrayComponent_Parameter.java	27	bar(java.lang.Object)-static		@Readonly
/home/vagrant/immutability-benchmark/testcases/source/AGT/AGT167_ThisInstanceVariableArrayComponent_Parameter/src/testcase/AGT167_ThisInstanceVariableArrayComponent_Parameter.java	27	bar(java.lang.Object)		void ([@Readonly Object]) @Readonly Test
/home/vagrant/immutability-benchmark/testcases/source/AGT/AGT167_ThisInstanceVariableArrayComponent_Parameter/src/testcase/AGT167_ThisInstanceVariableArrayComponent_Parameter.java	27	p		@Readonly Object
/home/vagrant/immutability-benchmark/testcases/source/AGT/AGT167_ThisInstanceVariableArrayComponent_Parameter/src/testcase/AGT167_ThisInstanceVariableArrayComponent_Parameter.java	31	toString()-static		@Readonly
/home/vagrant/immutability-benchmark/testcases/source/AGT/AGT167_ThisInstanceVariableArrayComponent_Parameter/src/testcase/AGT167_ThisInstanceVariableArrayComponent_Parameter.java	31	toString()		@Readonly String () @Readonly Test
INFO: There are 8 (80.0%) readonly, 0 (0.0%) polyread and 2 (20.0%) mutable references out of 10 references
INFO: Total methods: 4 pure methods: 2(50.0%)
